gis_precincts,medsl_precinct_1,medsl_precinct_2
Abington Town Precinct 1,Abington 1,
Abington Town Precinct 2,Abington 2,
Abington Town Precinct 3,Abington 3,
Abington Town Precinct 4,Abington 4,
Abington Town Precinct 5,Abington 5,
Acton Town Precinct 1,Acton 1,
Acton Town Precinct 2,Acton 2,
Acton Town Precinct 3,Acton 3,
Acton Town Precinct 4,Acton 4,
Acton Town Precinct 5,Acton 5,
Acton Town Precinct 6,Acton 6,
Acushnet Town Precinct 1,Acushnet 1,
Acushnet Town Precinct 2,Acushnet 2,
Acushnet Town Precinct 3,Acushnet 3,
Adams Town Precinct 1,Adams 1,
Adams Town Precinct 2,Adams 2,
Adams Town Precinct 3,Adams 3,
Adams Town Precinct 4,Adams 4,
Adams Town Precinct 5,Adams 5,
Agawam Town Precinct 1,Agawam 1,
Agawam Town Precinct 2,Agawam 2,
Agawam Town Precinct 3,Agawam 3,
Agawam Town Precinct 4,Agawam 4,
Agawam Town Precinct 5,Agawam 5,
Agawam Town Precinct 6,Agawam 6,
Agawam Town Precinct 7,Agawam 7,
Agawam Town Precinct 8,Agawam 8,
Alford Town Precinct 1,Alford 1,
Amesbury Town Precinct 1,Amesbury 1,
Amesbury Town Precinct 2,Amesbury 2,
Amesbury Town Precinct 3,Amesbury 3,
Amesbury Town Precinct 4,Amesbury 4,
Amesbury Town Precinct 5,Amesbury 5,
Amesbury Town Precinct 6,Amesbury 6,
Amherst Town Precinct 1,Amherst 1,
Amherst Town Precinct 10,Amherst 10,
Amherst Town Precinct 2,Amherst 2,
Amherst Town Precinct 3,Amherst 3,
Amherst Town Precinct 4,Amherst 4,
Amherst Town Precinct 5,Amherst 5,
Amherst Town Precinct 6,Amherst 6,
Amherst Town Precinct 7,Amherst 7,
Amherst Town Precinct 8,Amherst 8,
Amherst Town Precinct 9,Amherst 9,
Andover Town Precinct 1,Andover 1,
Andover Town Precinct 2,Andover 2,
Andover Town Precinct 3,Andover 3,
Andover Town Precinct 4,Andover 4,
Andover Town Precinct 5,Andover 5,
Andover Town Precinct 6,Andover 6,
Andover Town Precinct 7,Andover 7,Andover 7A
Andover Town Precinct 8,Andover 8,
Andover Town Precinct 9,Andover 9,
Aquinnah Town Precinct 1,Aquinnah 1,
Arlington Town Precinct 1,Arlington 1,
Arlington Town Precinct 10,Arlington 10,
Arlington Town Precinct 11,Arlington 11,
Arlington Town Precinct 12,Arlington 12,
Arlington Town Precinct 13,Arlington 13,
Arlington Town Precinct 14,Arlington 14,
Arlington Town Precinct 15,Arlington 15,
Arlington Town Precinct 16,Arlington 16,
Arlington Town Precinct 17,Arlington 17,
Arlington Town Precinct 18,Arlington 18,
Arlington Town Precinct 19,Arlington 19,
Arlington Town Precinct 2,Arlington 2,
Arlington Town Precinct 20,Arlington 20,
Arlington Town Precinct 21,Arlington 21,
Arlington Town Precinct 3,Arlington 3,
Arlington Town Precinct 4,Arlington 4,
Arlington Town Precinct 5,Arlington 5,
Arlington Town Precinct 6,Arlington 6,
Arlington Town Precinct 7,Arlington 7,
Arlington Town Precinct 8,Arlington 8,
Arlington Town Precinct 9,Arlington 9,
Ashburnham Town Precinct 1,Ashburnham 1,
Ashby Town Precinct 1,Ashby 1,
Ashfield Town Precinct 1,Ashfield 1,
Ashland Town Precinct 1,Ashland 1,
Ashland Town Precinct 2,Ashland 2,
Ashland Town Precinct 3,Ashland 3,
Ashland Town Precinct 4,Ashland 4,
Ashland Town Precinct 5,Ashland 5,
Athol Town Precinct 1,Athol 1,
Athol Town Precinct 2,Athol 2,
Athol Town Precinct 3,Athol 3,
Attleboro City Ward 1 Precinct A,Attleboro 1-A,
Attleboro City Ward 1 Precinct B,Attleboro 1-B,
Attleboro City Ward 2 Precinct A,Attleboro 2-A,
Attleboro City Ward 2 Precinct B,Attleboro 2-B,
Attleboro City Ward 3 Precinct A,Attleboro 3-A,
Attleboro City Ward 3 Precinct B,Attleboro 3-B,
Attleboro City Ward 4 Precinct A,Attleboro 4-A,
Attleboro City Ward 4 Precinct B,Attleboro 4-B,
Attleboro City Ward 5 Precinct A,Attleboro 5-A,
Attleboro City Ward 5 Precinct B,Attleboro 5-B,
Attleboro City Ward 6 Precinct A,Attleboro 6-A,
Attleboro City Ward 6 Precinct B,Attleboro 6-B,
Auburn Town Precinct 1,Auburn 1,
Auburn Town Precinct 2,Auburn 2,
Auburn Town Precinct 3,Auburn 3,
Auburn Town Precinct 4,Auburn 4,
Auburn Town Precinct 5,Auburn 5,
Avon Town Precinct 1,Avon 1,
Ayer Town Precinct 1,Ayer 1,
Ayer Town Precinct 2,Ayer 2,
Barnstable Town Precinct 1,Barnstable 1,
Barnstable Town Precinct 10,Barnstable 10,
Barnstable Town Precinct 11,Barnstable 11,
Barnstable Town Precinct 12,Barnstable 12,
Barnstable Town Precinct 13,Barnstable 13,
Barnstable Town Precinct 2,Barnstable 2,
Barnstable Town Precinct 3,Barnstable 3,
Barnstable Town Precinct 4,Barnstable 4,
Barnstable Town Precinct 5,Barnstable 5,
Barnstable Town Precinct 6,Barnstable 6,
Barnstable Town Precinct 7,Barnstable 7,
Barnstable Town Precinct 8,Barnstable 8,
Barnstable Town Precinct 9,Barnstable 9,
Barre Town Precinct 1,Barre 1,
Barre Town Precinct 2,Barre 2,
Becket Town Precinct 1,Becket 1,
Bedford Town Precinct 1,Bedford 1,
Bedford Town Precinct 2,Bedford 2,
Bedford Town Precinct 3,Bedford 3,
Bedford Town Precinct 4,Bedford 4,
Belchertown Town Precinct A,Belchertown A,
Belchertown Town Precinct B,Belchertown B,
Belchertown Town Precinct C,Belchertown C,
Belchertown Town Precinct D,Belchertown D,
Bellingham Town Precinct 1,Bellingham 1,
Bellingham Town Precinct 2,Bellingham 2,
Bellingham Town Precinct 3,Bellingham 3,
Bellingham Town Precinct 4,Bellingham 4,Bellingham 4A
Bellingham Town Precinct 5,Bellingham 5,
Belmont Town Precinct 1,Belmont 1,
Belmont Town Precinct 2,Belmont 2,
Belmont Town Precinct 3,Belmont 3,
Belmont Town Precinct 4,Belmont 4,
Belmont Town Precinct 5,Belmont 5,
Belmont Town Precinct 6,Belmont 6,
Belmont Town Precinct 7,Belmont 7,
Belmont Town Precinct 8,Belmont 8,
Berkley Town Precinct 1,Berkley 1,
Berkley Town Precinct 2,Berkley 2,
Berlin Town Precinct 1,Berlin 1,
Bernardston Town Precinct 1,Bernardston 1,
Beverly City Ward 1 Precinct 1,Beverly 1-1,
Beverly City Ward 1 Precinct 2,Beverly 1-2,
Beverly City Ward 2 Precinct 1,Beverly 2-1,
Beverly City Ward 2 Precinct 2,Beverly 2-2,
Beverly City Ward 3 Precinct 1,Beverly 3-1,
Beverly City Ward 3 Precinct 2,Beverly 3-2,
Beverly City Ward 4 Precinct 1,Beverly 4-1,
Beverly City Ward 4 Precinct 2,Beverly 4-2,
Beverly City Ward 5 Precinct 1,Beverly 5-1,
Beverly City Ward 5 Precinct 2,Beverly 5-2,
Beverly City Ward 6 Precinct 1,Beverly 6-1,
Beverly City Ward 6 Precinct 2,Beverly 6-2,
Billerica Town Precinct 1,Billerica 1,
Billerica Town Precinct 10,Billerica 10,
Billerica Town Precinct 11,Billerica 11,
Billerica Town Precinct 2,Billerica 2,
Billerica Town Precinct 3,Billerica 3,
Billerica Town Precinct 4,Billerica 4,
Billerica Town Precinct 5,Billerica 5,
Billerica Town Precinct 6,Billerica 6,
Billerica Town Precinct 7,Billerica 7,
Billerica Town Precinct 8,Billerica 8,
Billerica Town Precinct 9,Billerica 9,
Blackstone Town Precinct 1,Blackstone 1,
Blackstone Town Precinct 2,Blackstone 2,
Blackstone Town Precinct 3,Blackstone 3,
Blandford Town Precinct 1,Blandford 1,
Bolton Town Precinct 1,Bolton 1,
Boston City Ward 1 Precinct 1,Boston 1-1,
Boston City Ward 1 Precinct 10,Boston 1-10,
Boston City Ward 1 Precinct 11,Boston 1-11,
Boston City Ward 1 Precinct 12,Boston 1-12,
Boston City Ward 1 Precinct 13,Boston 1-13,
Boston City Ward 1 Precinct 14,Boston 1-14,
Boston City Ward 1 Precinct 15,Boston 1-15,
Boston City Ward 1 Precinct 2,Boston 1-2,
Boston City Ward 1 Precinct 3,Boston 1-3,
Boston City Ward 1 Precinct 4,Boston 1-4,
Boston City Ward 1 Precinct 5,Boston 1-5,
Boston City Ward 1 Precinct 6,Boston 1-6,
Boston City Ward 1 Precinct 7,Boston 1-7,
Boston City Ward 1 Precinct 8,Boston 1-8,
Boston City Ward 1 Precinct 9,Boston 1-9,
Boston City Ward 10 Precinct 1,Boston 10-1,
Boston City Ward 10 Precinct 2,Boston 10-2,
Boston City Ward 10 Precinct 3,Boston 10-3,
Boston City Ward 10 Precinct 4,Boston 10-4,
Boston City Ward 10 Precinct 5,Boston 10-5,
Boston City Ward 10 Precinct 6,Boston 10-6,
Boston City Ward 10 Precinct 7,Boston 10-7,
Boston City Ward 10 Precinct 8,Boston 10-8,
Boston City Ward 10 Precinct 9,Boston 10-9,
Boston City Ward 11 Precinct 1,Boston 11-1,
Boston City Ward 11 Precinct 10,Boston 11-10,
Boston City Ward 11 Precinct 2,Boston 11-2,
Boston City Ward 11 Precinct 3,Boston 11-3,
Boston City Ward 11 Precinct 4,Boston 11-4,
Boston City Ward 11 Precinct 5,Boston 11-5,
Boston City Ward 11 Precinct 6,Boston 11-6,
Boston City Ward 11 Precinct 7,Boston 11-7,
Boston City Ward 11 Precinct 8,Boston 11-8,
Boston City Ward 11 Precinct 9,Boston 11-9,
Boston City Ward 12 Precinct 1,Boston 12-1,
Boston City Ward 12 Precinct 2,Boston 12-2,
Boston City Ward 12 Precinct 3,Boston 12-3,
Boston City Ward 12 Precinct 4,Boston 12-4,
Boston City Ward 12 Precinct 5,Boston 12-5,
Boston City Ward 12 Precinct 6,Boston 12-6,
Boston City Ward 12 Precinct 7,Boston 12-7,
Boston City Ward 12 Precinct 8,Boston 12-8,
Boston City Ward 12 Precinct 9,Boston 12-9,
Boston City Ward 13 Precinct 1,Boston 13-1,
Boston City Ward 13 Precinct 10,Boston 13-10,
Boston City Ward 13 Precinct 2,Boston 13-2,
Boston City Ward 13 Precinct 3,Boston 13-3,
Boston City Ward 13 Precinct 4,Boston 13-4,
Boston City Ward 13 Precinct 5,Boston 13-5,
Boston City Ward 13 Precinct 6,Boston 13-6,
Boston City Ward 13 Precinct 7,Boston 13-7,
Boston City Ward 13 Precinct 8,Boston 13-8,
Boston City Ward 13 Precinct 9,Boston 13-9,
Boston City Ward 14 Precinct 1,Boston 14-1,
Boston City Ward 14 Precinct 10,Boston 14-10,
Boston City Ward 14 Precinct 11,Boston 14-11,
Boston City Ward 14 Precinct 12,Boston 14-12,
Boston City Ward 14 Precinct 13,Boston 14-13,
Boston City Ward 14 Precinct 14,Boston 14-14,
Boston City Ward 14 Precinct 2,Boston 14-2,
Boston City Ward 14 Precinct 3,Boston 14-3,
Boston City Ward 14 Precinct 4,Boston 14-4,
Boston City Ward 14 Precinct 5,Boston 14-5,
Boston City Ward 14 Precinct 6,Boston 14-6,
Boston City Ward 14 Precinct 7,Boston 14-7,
Boston City Ward 14 Precinct 8,Boston 14-8,
Boston City Ward 14 Precinct 9,Boston 14-9,
Boston City Ward 15 Precinct 1,Boston 15-1,
Boston City Ward 15 Precinct 2,Boston 15-2,
Boston City Ward 15 Precinct 3,Boston 15-3,
Boston City Ward 15 Precinct 4,Boston 15-4,
Boston City Ward 15 Precinct 5,Boston 15-5,
Boston City Ward 15 Precinct 6,Boston 15-6,
Boston City Ward 15 Precinct 7,Boston 15-7,
Boston City Ward 15 Precinct 8,Boston 15-8,
Boston City Ward 15 Precinct 9,Boston 15-9,
Boston City Ward 16 Precinct 1,Boston 16-1,
Boston City Ward 16 Precinct 10,Boston 16-10,
Boston City Ward 16 Precinct 11,Boston 16-11,
Boston City Ward 16 Precinct 12,Boston 16-12,
Boston City Ward 16 Precinct 2,Boston 16-2,
Boston City Ward 16 Precinct 3,Boston 16-3,
Boston City Ward 16 Precinct 4,Boston 16-4,
Boston City Ward 16 Precinct 5,Boston 16-5,
Boston City Ward 16 Precinct 6,Boston 16-6,
Boston City Ward 16 Precinct 7,Boston 16-7,
Boston City Ward 16 Precinct 8,Boston 16-8,
Boston City Ward 16 Precinct 9,Boston 16-9,
Boston City Ward 17 Precinct 1,Boston 17-1,
Boston City Ward 17 Precinct 10,Boston 17-10,
Boston City Ward 17 Precinct 11,Boston 17-11,
Boston City Ward 17 Precinct 12,Boston 17-12,
Boston City Ward 17 Precinct 13,Boston 17-13,
Boston City Ward 17 Precinct 14,Boston 17-14,
Boston City Ward 17 Precinct 2,Boston 17-2,
Boston City Ward 17 Precinct 3,Boston 17-3,
Boston City Ward 17 Precinct 4,Boston 17-4,
Boston City Ward 17 Precinct 5,Boston 17-5,
Boston City Ward 17 Precinct 6,Boston 17-6,
Boston City Ward 17 Precinct 7,Boston 17-7,
Boston City Ward 17 Precinct 8,Boston 17-8,
Boston City Ward 17 Precinct 9,Boston 17-9,
Boston City Ward 18 Precinct 1,Boston 18-1,
Boston City Ward 18 Precinct 10,Boston 18-10,
Boston City Ward 18 Precinct 11,Boston 18-11,
Boston City Ward 18 Precinct 12,Boston 18-12,
Boston City Ward 18 Precinct 13,Boston 18-13,
Boston City Ward 18 Precinct 14,Boston 18-14,
Boston City Ward 18 Precinct 15,Boston 18-15,
Boston City Ward 18 Precinct 16,Boston 18-16,
Boston City Ward 18 Precinct 17,Boston 18-17,
Boston City Ward 18 Precinct 18,Boston 18-18,
Boston City Ward 18 Precinct 19,Boston 18-19,
Boston City Ward 18 Precinct 2,Boston 18-2,
Boston City Ward 18 Precinct 20,Boston 18-20,
Boston City Ward 18 Precinct 21,Boston 18-21,
Boston City Ward 18 Precinct 22,Boston 18-22,
Boston City Ward 18 Precinct 23,Boston 18-23,
Boston City Ward 18 Precinct 3,Boston 18-3,
Boston City Ward 18 Precinct 4,Boston 18-4,
Boston City Ward 18 Precinct 5,Boston 18-5,
Boston City Ward 18 Precinct 6,Boston 18-6,
Boston City Ward 18 Precinct 7,Boston 18-7,
Boston City Ward 18 Precinct 8,Boston 18-8,
Boston City Ward 18 Precinct 9,Boston 18-9,
Boston City Ward 19 Precinct 1,Boston 19-1,
Boston City Ward 19 Precinct 10,Boston 19-10,
Boston City Ward 19 Precinct 11,Boston 19-11,
Boston City Ward 19 Precinct 12,Boston 19-12,
Boston City Ward 19 Precinct 13,Boston 19-13,
Boston City Ward 19 Precinct 2,Boston 19-2,
Boston City Ward 19 Precinct 3,Boston 19-3,
Boston City Ward 19 Precinct 4,Boston 19-4,
Boston City Ward 19 Precinct 5,Boston 19-5,
Boston City Ward 19 Precinct 6,Boston 19-6,
Boston City Ward 19 Precinct 7,Boston 19-7,
Boston City Ward 19 Precinct 8,Boston 19-8,
Boston City Ward 19 Precinct 9,Boston 19-9,
Boston City Ward 2 Precinct 1,Boston 2-1,
Boston City Ward 2 Precinct 2,Boston 2-2,
Boston City Ward 2 Precinct 3,Boston 2-3,
Boston City Ward 2 Precinct 4,Boston 2-4,
Boston City Ward 2 Precinct 5,Boston 2-5,
Boston City Ward 2 Precinct 6,Boston 2-6,
Boston City Ward 2 Precinct 7,Boston 2-7,
Boston City Ward 20 Precinct 1,Boston 20-1,
Boston City Ward 20 Precinct 10,Boston 20-10,
Boston City Ward 20 Precinct 11,Boston 20-11,
Boston City Ward 20 Precinct 12,Boston 20-12,
Boston City Ward 20 Precinct 13,Boston 20-13,
Boston City Ward 20 Precinct 14,Boston 20-14,
Boston City Ward 20 Precinct 15,Boston 20-15,
Boston City Ward 20 Precinct 16,Boston 20-16,
Boston City Ward 20 Precinct 17,Boston 20-17,
Boston City Ward 20 Precinct 18,Boston 20-18,
Boston City Ward 20 Precinct 19,Boston 20-19,
Boston City Ward 20 Precinct 2,Boston 20-2,
Boston City Ward 20 Precinct 20,Boston 20-20,
Boston City Ward 20 Precinct 3,Boston 20-3,
Boston City Ward 20 Precinct 4,Boston 20-4,
Boston City Ward 20 Precinct 5,Boston 20-5,
Boston City Ward 20 Precinct 6,Boston 20-6,
Boston City Ward 20 Precinct 7,Boston 20-7,
Boston City Ward 20 Precinct 8,Boston 20-8,
Boston City Ward 20 Precinct 9,Boston 20-9,
Boston City Ward 21 Precinct 1,Boston 21-1,
Boston City Ward 21 Precinct 10,Boston 21-10,
Boston City Ward 21 Precinct 11,Boston 21-11,
Boston City Ward 21 Precinct 12,Boston 21-12,
Boston City Ward 21 Precinct 13,Boston 21-13,
Boston City Ward 21 Precinct 14,Boston 21-14,
Boston City Ward 21 Precinct 15,Boston 21-15,
Boston City Ward 21 Precinct 16,Boston 21-16,
Boston City Ward 21 Precinct 2,Boston 21-2,
Boston City Ward 21 Precinct 3,Boston 21-3,
Boston City Ward 21 Precinct 4,Boston 21-4,
Boston City Ward 21 Precinct 5,Boston 21-5,
Boston City Ward 21 Precinct 6,Boston 21-6,
Boston City Ward 21 Precinct 7,Boston 21-7,
Boston City Ward 21 Precinct 8,Boston 21-8,
Boston City Ward 21 Precinct 9,Boston 21-9,
Boston City Ward 22 Precinct 1,Boston 22-1,
Boston City Ward 22 Precinct 10,Boston 22-10,
Boston City Ward 22 Precinct 11,Boston 22-11,
Boston City Ward 22 Precinct 12,Boston 22-12,
Boston City Ward 22 Precinct 13,Boston 22-13,
Boston City Ward 22 Precinct 2,Boston 22-2,
Boston City Ward 22 Precinct 3,Boston 22-3,
Boston City Ward 22 Precinct 4,Boston 22-4,
Boston City Ward 22 Precinct 5,Boston 22-5,
Boston City Ward 22 Precinct 6,Boston 22-6,
Boston City Ward 22 Precinct 7,Boston 22-7,
Boston City Ward 22 Precinct 8,Boston 22-8,
Boston City Ward 22 Precinct 9,Boston 22-9,
Boston City Ward 3 Precinct 1,Boston 3-1,
Boston City Ward 3 Precinct 2,Boston 3-2,
Boston City Ward 3 Precinct 3,Boston 3-3,
Boston City Ward 3 Precinct 4,Boston 3-4,
Boston City Ward 3 Precinct 5,Boston 3-5,
Boston City Ward 3 Precinct 6,Boston 3-6,
Boston City Ward 3 Precinct 7,Boston 3-7,
Boston City Ward 3 Precinct 8,Boston 3-8,
Boston City Ward 4 Precinct 1,Boston 4-1,
Boston City Ward 4 Precinct 10,Boston 4-10,
Boston City Ward 4 Precinct 2,Boston 4-2,
Boston City Ward 4 Precinct 3,Boston 4-3,
Boston City Ward 4 Precinct 4,Boston 4-4,
Boston City Ward 4 Precinct 5,Boston 4-5,
Boston City Ward 4 Precinct 6,Boston 4-6,
Boston City Ward 4 Precinct 7,Boston 4-7,
Boston City Ward 4 Precinct 8,Boston 4-8,
Boston City Ward 4 Precinct 9,Boston 4-9,
Boston City Ward 5 Precinct 1,Boston 5-1,
Boston City Ward 5 Precinct 10,Boston 5-10,
Boston City Ward 5 Precinct 11,Boston 5-11,
Boston City Ward 5 Precinct 2,Boston 5-2,
Boston City Ward 5 Precinct 2A,Boston 5-2A,
Boston City Ward 5 Precinct 3,Boston 5-3,
Boston City Ward 5 Precinct 4,Boston 5-4,
Boston City Ward 5 Precinct 5,Boston 5-5,
Boston City Ward 5 Precinct 6,Boston 5-6,
Boston City Ward 5 Precinct 7,Boston 5-7,
Boston City Ward 5 Precinct 8,Boston 5-8,
Boston City Ward 5 Precinct 9,Boston 5-9,
Boston City Ward 6 Precinct 1,Boston 6-1,
Boston City Ward 6 Precinct 2,Boston 6-2,
Boston City Ward 6 Precinct 3,Boston 6-3,
Boston City Ward 6 Precinct 4,Boston 6-4,
Boston City Ward 6 Precinct 5,Boston 6-5,
Boston City Ward 6 Precinct 6,Boston 6-6,
Boston City Ward 6 Precinct 7,Boston 6-7,
Boston City Ward 6 Precinct 8,Boston 6-8,
Boston City Ward 6 Precinct 9,Boston 6-9,
Boston City Ward 7 Precinct 1,Boston 7-1,
Boston City Ward 7 Precinct 10,Boston 7-10,
Boston City Ward 7 Precinct 2,Boston 7-2,
Boston City Ward 7 Precinct 3,Boston 7-3,
Boston City Ward 7 Precinct 4,Boston 7-4,
Boston City Ward 7 Precinct 5,Boston 7-5,
Boston City Ward 7 Precinct 6,Boston 7-6,
Boston City Ward 7 Precinct 7,Boston 7-7,
Boston City Ward 7 Precinct 8,Boston 7-8,
Boston City Ward 7 Precinct 9,Boston 7-9,
Boston City Ward 8 Precinct 1,Boston 8-1,
Boston City Ward 8 Precinct 2,Boston 8-2,
Boston City Ward 8 Precinct 3,Boston 8-3,
Boston City Ward 8 Precinct 4,Boston 8-4,
Boston City Ward 8 Precinct 5,Boston 8-5,
Boston City Ward 8 Precinct 6,Boston 8-6,
Boston City Ward 8 Precinct 7,Boston 8-7,
Boston City Ward 9 Precinct 1,Boston 9-1,
Boston City Ward 9 Precinct 2,Boston 9-2,
Boston City Ward 9 Precinct 3,Boston 9-3,
Boston City Ward 9 Precinct 4,Boston 9-4,
Boston City Ward 9 Precinct 5,Boston 9-5,
Bourne Town Precinct 1,Bourne 1,
Bourne Town Precinct 2,Bourne 2,
Bourne Town Precinct 3,Bourne 3,
Bourne Town Precinct 4,Bourne 4,
Bourne Town Precinct 5,Bourne 5,
Bourne Town Precinct 6,Bourne 6,
Bourne Town Precinct 7,Bourne 7,
Boxborough Town Precinct 1,Boxborough 1,
Boxford Town Precinct 1,Boxford 1,
Boxford Town Precinct 2,Boxford 2,
Boxford Town Precinct 3,Boxford 3,
Boylston Town Precinct 1,Boylston 1,
Braintree Town Precinct 1A,Braintree 1A,
Braintree Town Precinct 1B,Braintree 1B,
Braintree Town Precinct 2A,Braintree 2A,
Braintree Town Precinct 2B,Braintree 2B,
Braintree Town Precinct 3A,Braintree 3A,
Braintree Town Precinct 3B,Braintree 3B,
Braintree Town Precinct 4A,Braintree 4A,
Braintree Town Precinct 4B,Braintree 4B,
Braintree Town Precinct 5A,Braintree 5A,
Braintree Town Precinct 5B,Braintree 5B,
Braintree Town Precinct 6A,Braintree 6A,
Braintree Town Precinct 6B,Braintree 6B,
Brewster Town Precinct 1,Brewster 1,
Brewster Town Precinct 2,Brewster 2,
Brewster Town Precinct 3,Brewster 3,
Bridgewater Town Precinct 1,Bridgewater 1,
Bridgewater Town Precinct 2,Bridgewater 2,
Bridgewater Town Precinct 3,Bridgewater 3,
Bridgewater Town Precinct 4,Bridgewater 4,
Bridgewater Town Precinct 5,Bridgewater 5,
Bridgewater Town Precinct 6,Bridgewater 6,
Bridgewater Town Precinct 7,Bridgewater 7,
Brimfield Town Precinct 1,Brimfield 1,
Brockton City Ward 1 Precinct A,Brockton 1-A,
Brockton City Ward 1 Precinct B,Brockton 1-B,
Brockton City Ward 1 Precinct C,Brockton 1-C,
Brockton City Ward 1 Precinct D,Brockton 1-D,
Brockton City Ward 2 Precinct A,Brockton 2-A,
Brockton City Ward 2 Precinct B,Brockton 2-B,
Brockton City Ward 2 Precinct C,Brockton 2-C,
Brockton City Ward 2 Precinct D,Brockton 2-D,
Brockton City Ward 3 Precinct A,Brockton 3-A,
Brockton City Ward 3 Precinct B,Brockton 3-B,
Brockton City Ward 3 Precinct C,Brockton 3-C,
Brockton City Ward 3 Precinct D,Brockton 3-D,
Brockton City Ward 4 Precinct A,Brockton 4-A,
Brockton City Ward 4 Precinct B,Brockton 4-B,
Brockton City Ward 4 Precinct C,Brockton 4-C,
Brockton City Ward 4 Precinct D,Brockton 4-D,
Brockton City Ward 5 Precinct A,Brockton 5-A,
Brockton City Ward 5 Precinct B,Brockton 5-B,
Brockton City Ward 5 Precinct C,Brockton 5-C,
Brockton City Ward 5 Precinct D,Brockton 5-D,
Brockton City Ward 6 Precinct A,Brockton 6-A,
Brockton City Ward 6 Precinct B,Brockton 6-B,
Brockton City Ward 6 Precinct C,Brockton 6-C,
Brockton City Ward 6 Precinct D,Brockton 6-D,
Brockton City Ward 7 Precinct A,Brockton 7-A,
Brockton City Ward 7 Precinct B,Brockton 7-B,
Brockton City Ward 7 Precinct C,Brockton 7-C,
Brockton City Ward 7 Precinct D,Brockton 7-D,
Brookfield Town Precinct 1,Brookfield 1,
Brookline Town Precinct 1,Brookline 1,
Brookline Town Precinct 10,Brookline 10,
Brookline Town Precinct 11,Brookline 11,
Brookline Town Precinct 12,Brookline 12,
Brookline Town Precinct 13,Brookline 13,
Brookline Town Precinct 14,Brookline 14,
Brookline Town Precinct 15,Brookline 15,
Brookline Town Precinct 16,Brookline 16,
Brookline Town Precinct 2,Brookline 2,
Brookline Town Precinct 3,Brookline 3,
Brookline Town Precinct 4,Brookline 4,
Brookline Town Precinct 5,Brookline 5,
Brookline Town Precinct 6,Brookline 6,
Brookline Town Precinct 7,Brookline 7,
Brookline Town Precinct 8,Brookline 8,
Brookline Town Precinct 9,Brookline 9,
Buckland Town Precinct 1,Buckland 1,
Burlington Town Precinct 1,Burlington 1,
Burlington Town Precinct 2,Burlington 2,
Burlington Town Precinct 3,Burlington 3,
Burlington Town Precinct 4,Burlington 4,
Burlington Town Precinct 5,Burlington 5,
Burlington Town Precinct 6,Burlington 6,
Burlington Town Precinct 7,Burlington 7,
Cambridge City Ward 1 Precinct 1,Cambridge 1-1,
Cambridge City Ward 1 Precinct 2,Cambridge 1-2,
Cambridge City Ward 1 Precinct 3,Cambridge 1-3,
Cambridge City Ward 10 Precinct 1,Cambridge 10-1,
Cambridge City Ward 10 Precinct 2,Cambridge 10-2,
Cambridge City Ward 10 Precinct 3,Cambridge 10-3,
Cambridge City Ward 11 Precinct 1,Cambridge 11-1,
Cambridge City Ward 11 Precinct 2,Cambridge 11-2,
Cambridge City Ward 11 Precinct 3,Cambridge 11-3,
Cambridge City Ward 2 Precinct 1,Cambridge 2-1,
Cambridge City Ward 2 Precinct 2,Cambridge 2-2,
Cambridge City Ward 2 Precinct 3,Cambridge 2-3,
Cambridge City Ward 3 Precinct 1,Cambridge 3-1,
Cambridge City Ward 3 Precinct 2,Cambridge 3-2,Cambridge 3-2A
Cambridge City Ward 3 Precinct 3,Cambridge 3-3,
Cambridge City Ward 4 Precinct 1,Cambridge 4-1,
Cambridge City Ward 4 Precinct 2,Cambridge 4-2,
Cambridge City Ward 4 Precinct 3,Cambridge 4-3,
Cambridge City Ward 5 Precinct 1,Cambridge 5-1,
Cambridge City Ward 5 Precinct 2,Cambridge 5-2,
Cambridge City Ward 5 Precinct 3,Cambridge 5-3,
Cambridge City Ward 6 Precinct 1,Cambridge 6-1,
Cambridge City Ward 6 Precinct 2,Cambridge 6-2,
Cambridge City Ward 6 Precinct 3,Cambridge 6-3,
Cambridge City Ward 7 Precinct 1,Cambridge 7-1,
Cambridge City Ward 7 Precinct 2,Cambridge 7-2,
Cambridge City Ward 7 Precinct 3,Cambridge 7-3,
Cambridge City Ward 8 Precinct 1,Cambridge 8-1,
Cambridge City Ward 8 Precinct 2,Cambridge 8-2,
Cambridge City Ward 8 Precinct 3,Cambridge 8-3,
Cambridge City Ward 9 Precinct 1,Cambridge 9-1,
Cambridge City Ward 9 Precinct 2,Cambridge 9-2,
Cambridge City Ward 9 Precinct 3,Cambridge 9-3,
Canton Town Precinct 1,Canton 1,
Canton Town Precinct 2,Canton 2,
Canton Town Precinct 3,Canton 3,
Canton Town Precinct 4,Canton 4,
Canton Town Precinct 5,Canton 5,
Canton Town Precinct 6,Canton 6,
Carlisle Town Precinct 1,Carlisle 1,
Carver Town Precinct 1,Carver 1,
Carver Town Precinct 2,Carver 2,
Carver Town Precinct 3,Carver 3,
Charlemont Town Precinct 1,Charlemont 1,
Charlton Town Precinct 1,Charlton 1,
Charlton Town Precinct 2,Charlton 2,
Charlton Town Precinct 3,Charlton 3,
Charlton Town Precinct 4,Charlton 4,
Chatham Town Precinct 1,Chatham 1,
Chelmsford Town Precinct 1,Chelmsford 1,
Chelmsford Town Precinct 2,Chelmsford 2,
Chelmsford Town Precinct 3,Chelmsford 3,
Chelmsford Town Precinct 4,Chelmsford 4,
Chelmsford Town Precinct 5,Chelmsford 5,
Chelmsford Town Precinct 6,Chelmsford 6,
Chelmsford Town Precinct 7,Chelmsford 7,
Chelmsford Town Precinct 8,Chelmsford 8,
Chelmsford Town Precinct 9,Chelmsford 9,
Chelsea City Ward 1 Precinct 1,Chelsea 1-1,
Chelsea City Ward 1 Precinct 2,Chelsea 1-2,
Chelsea City Ward 1 Precinct 3,Chelsea 1-3,
Chelsea City Ward 1 Precinct 4,Chelsea 1-4,
Chelsea City Ward 2 Precinct 1,Chelsea 2-1,
Chelsea City Ward 2 Precinct 2,Chelsea 2-2,
Chelsea City Ward 2 Precinct 3,Chelsea 2-3,
Chelsea City Ward 2 Precinct 4,Chelsea 2-4,
Chelsea City Ward 3 Precinct 1,Chelsea 3-1,
Chelsea City Ward 3 Precinct 2,Chelsea 3-2,
Chelsea City Ward 3 Precinct 3,Chelsea 3-3,
Chelsea City Ward 3 Precinct 4,Chelsea 3-4,
Chelsea City Ward 4 Precinct 1,Chelsea 4-1,
Chelsea City Ward 4 Precinct 2,Chelsea 4-2,
Chelsea City Ward 4 Precinct 3,Chelsea 4-3,
Chelsea City Ward 4 Precinct 4,Chelsea 4-4,
Cheshire Town Precinct 1,Cheshire 1,
Chester Town Precinct 1,Chester 1,
Chesterfield Town Precinct 1,Chesterfield 1,
Chicopee City Ward 1 Precinct A,Chicopee 1-A,
Chicopee City Ward 1 Precinct B,Chicopee 1-B,
Chicopee City Ward 2 Precinct A,Chicopee 2-A,
Chicopee City Ward 2 Precinct B,Chicopee 2-B,
Chicopee City Ward 3 Precinct A,Chicopee 3-A,
Chicopee City Ward 3 Precinct B,Chicopee 3-B,
Chicopee City Ward 4 Precinct A,Chicopee 4-A,
Chicopee City Ward 4 Precinct B,Chicopee 4-B,
Chicopee City Ward 5 Precinct A,Chicopee 5-A,
Chicopee City Ward 5 Precinct B,Chicopee 5-B,
Chicopee City Ward 6 Precinct A,Chicopee 6-AN,Chicopee 6-AS
Chicopee City Ward 6 Precinct B,Chicopee 6-BE,Chicopee 6-BW
Chicopee City Ward 7 Precinct A,Chicopee 7-A,
Chicopee City Ward 7 Precinct B,Chicopee 7-B,
Chicopee City Ward 8 Precinct A,Chicopee 8-A,
Chicopee City Ward 8 Precinct B,Chicopee 8-B,
Chicopee City Ward 9 Precinct A,Chicopee 9-A,
Chicopee City Ward 9 Precinct B,Chicopee 9-B,
Chilmark Town Precinct 1,Chilmark 1,
Clarksburg Town Precinct 1,Clarksburg 1,
Clinton Town Precinct 1,Clinton 1,
Clinton Town Precinct 2,Clinton 2,
Clinton Town Precinct 3,Clinton 3,
Clinton Town Precinct 4,Clinton 4,
Cohasset Town Precinct 1,Cohasset 1,
Cohasset Town Precinct 2,Cohasset 2,
Colrain Town Precinct 1,Colrain 1,
Concord Town Precinct 1,Concord 1,
Concord Town Precinct 2,Concord 2,
Concord Town Precinct 3,Concord 3,
Concord Town Precinct 4,Concord 4,
Concord Town Precinct 5,Concord 5,
Conway Town Precinct 1,Conway 1,
Cummington Town Precinct 1,Cummington 1,
Dalton Town Precinct 1,Dalton 1,
Dalton Town Precinct 2,Dalton 2,
Danvers Town Precinct 1,Danvers 1,
Danvers Town Precinct 2,Danvers 2,
Danvers Town Precinct 3,Danvers 3,
Danvers Town Precinct 4,Danvers 4,
Danvers Town Precinct 5,Danvers 5,
Danvers Town Precinct 6,Danvers 6,
Danvers Town Precinct 7,Danvers 7,
Danvers Town Precinct 8,Danvers 8,
Dartmouth Town Precinct 1,Dartmouth 1,
Dartmouth Town Precinct 2,Dartmouth 2,
Dartmouth Town Precinct 3,Dartmouth 3,
Dartmouth Town Precinct 4,Dartmouth 4,
Dartmouth Town Precinct 5,Dartmouth 5,
Dartmouth Town Precinct 6,Dartmouth 6,
Dartmouth Town Precinct 7,Dartmouth 7,
Dartmouth Town Precinct 8,Dartmouth 8,
Dartmouth Town Precinct 9,Dartmouth 9,
Dedham Town Precinct 1,Dedham 1,
Dedham Town Precinct 2,Dedham 2,
Dedham Town Precinct 3,Dedham 3,
Dedham Town Precinct 4,Dedham 4,
Dedham Town Precinct 5,Dedham 5,
Dedham Town Precinct 6,Dedham 6,
Dedham Town Precinct 7,Dedham 7,
Deerfield Town Precinct 1,Deerfield 1,
Dennis Town Precinct 1,Dennis 1,
Dennis Town Precinct 2,Dennis 2,
Dennis Town Precinct 3,Dennis 3,
Dennis Town Precinct 4,Dennis 4,
Dennis Town Precinct 5,Dennis 5,
Dighton Town Precinct 1,Dighton 1,
Dighton Town Precinct 2,Dighton 2,
Douglas Town Precinct 1,Douglas 1,
Douglas Town Precinct 2,Douglas 2,
Douglas Town Precinct 3,Douglas 3,
Dover Town Precinct 1,Dover 1,
Dracut Town Precinct 1,Dracut 1,
Dracut Town Precinct 2,Dracut 2,
Dracut Town Precinct 3,Dracut 3,
Dracut Town Precinct 4,Dracut 4,
Dracut Town Precinct 5,Dracut 5,
Dracut Town Precinct 6,Dracut 6,Dracut 6A
Dracut Town Precinct 7,Dracut 7,
Dracut Town Precinct 8,Dracut 8,
Dracut Town Precinct 9,Dracut 9,
Dudley Town Precinct 1,Dudley 1,
Dudley Town Precinct 2,Dudley 2,
Dudley Town Precinct 3,Dudley 3,
Dunstable Town Precinct 1,Dunstable 1,
Duxbury Town Precinct 1,Duxbury 1,
Duxbury Town Precinct 2,Duxbury 2,
Duxbury Town Precinct 3,Duxbury 3,
Duxbury Town Precinct 4,Duxbury 4,
Duxbury Town Precinct 5,Duxbury 5,
Duxbury Town Precinct 6,Duxbury 6,
East Bridgewater Town Precinct 1,E. Bridgewater 1,
East Bridgewater Town Precinct 2,E. Bridgewater 2,
East Bridgewater Town Precinct 3,E. Bridgewater 3,
East Bridgewater Town Precinct 4,E. Bridgewater 4,
East Brookfield Town Precinct 1,E. Brookfield 1,
East Longmeadow Town Precinct 1,E. Longmeadow 1,
East Longmeadow Town Precinct 2,E. Longmeadow 2,
East Longmeadow Town Precinct 3,E. Longmeadow 3,
East Longmeadow Town Precinct 4,E. Longmeadow 4,
Eastham Town Precinct 1,Eastham 1,
Easthampton Town Precinct 1,Easthampton 1,
Easthampton Town Precinct 2,Easthampton 2,
Easthampton Town Precinct 3,Easthampton 3,
Easthampton Town Precinct 4,Easthampton 4,
Easthampton Town Precinct 5,Easthampton 5,
Easton Town Precinct 1,Easton 1,
Easton Town Precinct 2,Easton 2,
Easton Town Precinct 3,Easton 3,
Easton Town Precinct 4,Easton 4,
Easton Town Precinct 5,Easton 5,
Easton Town Precinct 6,Easton 6,
Edgartown Town Precinct 1,Edgartown 1,
Egremont Town Precinct 1,Egremont 1,
Erving Town Precinct 1,Erving 1,
Essex Town Precinct 1,Essex 1,
Everett City Ward 1 Precinct 1,Everett 1-1,
Everett City Ward 1 Precinct 2,Everett 1-2,
Everett City Ward 2 Precinct 1,Everett 2-1,
Everett City Ward 2 Precinct 2,Everett 2-2,
Everett City Ward 3 Precinct 1,Everett 3-1,
Everett City Ward 3 Precinct 2,Everett 3-2,
Everett City Ward 4 Precinct 1,Everett 4-1,
Everett City Ward 4 Precinct 2,Everett 4-2,
Everett City Ward 5 Precinct 1,Everett 5-1,
Everett City Ward 5 Precinct 2,Everett 5-2,
Everett City Ward 6 Precinct 1,Everett 6-1,
Everett City Ward 6 Precinct 2,Everett 6-2,
Fairhaven Town Precinct 1,Fairhaven 1,
Fairhaven Town Precinct 2,Fairhaven 2,
Fairhaven Town Precinct 3,Fairhaven 3,
Fairhaven Town Precinct 4,Fairhaven 4,
Fairhaven Town Precinct 5,Fairhaven 5,
Fairhaven Town Precinct 6,Fairhaven 6,
Fall River City Ward 1 Precinct A,Fall River 1-A,
Fall River City Ward 1 Precinct B,Fall River 1-B,
Fall River City Ward 1 Precinct C,Fall River 1-C,
Fall River City Ward 2 Precinct A,Fall River 2-A,
Fall River City Ward 2 Precinct B,Fall River 2-B,
Fall River City Ward 2 Precinct C,Fall River 2-C,
Fall River City Ward 3 Precinct A,Fall River 3-A,
Fall River City Ward 3 Precinct B,Fall River 3-B,
Fall River City Ward 3 Precinct C,Fall River 3-C,
Fall River City Ward 4 Precinct A,Fall River 4-A,
Fall River City Ward 4 Precinct B,Fall River 4-B,
Fall River City Ward 4 Precinct C,Fall River 4-C,
Fall River City Ward 5 Precinct A,Fall River 5-A,
Fall River City Ward 5 Precinct B,Fall River 5-B,Fall River 5-B1
Fall River City Ward 5 Precinct C,Fall River 5-C,
Fall River City Ward 6 Precinct A,Fall River 6-A,
Fall River City Ward 6 Precinct B,Fall River 6-B,
Fall River City Ward 6 Precinct C,Fall River 6-C,Fall River 6-C1
Fall River City Ward 7 Precinct A,Fall River 7-A,
Fall River City Ward 7 Precinct B,Fall River 7-B,
Fall River City Ward 7 Precinct C,Fall River 7-C,
Fall River City Ward 8 Precinct A,Fall River 8-A,
Fall River City Ward 8 Precinct B,Fall River 8-B,
Fall River City Ward 8 Precinct C,Fall River 8-C,
Fall River City Ward 9 Precinct A,Fall River 9-A,
Fall River City Ward 9 Precinct B,Fall River 9-B,
Fall River City Ward 9 Precinct C,Fall River 9-C,
Falmouth Town Precinct 1,Falmouth 1,
Falmouth Town Precinct 2,Falmouth 2,
Falmouth Town Precinct 3,Falmouth 3,
Falmouth Town Precinct 4,Falmouth 4,
Falmouth Town Precinct 5,Falmouth 5,
Falmouth Town Precinct 6,Falmouth 6,
Falmouth Town Precinct 7,Falmouth 7,
Falmouth Town Precinct 8,Falmouth 8,
Falmouth Town Precinct 9,Falmouth 9,
Fitchburg City Ward 1 Precinct A,Fitchburg 1-A,
Fitchburg City Ward 1 Precinct B,Fitchburg 1-B,
Fitchburg City Ward 2 Precinct A,Fitchburg 2-A,
Fitchburg City Ward 2 Precinct B,Fitchburg 2-B,
Fitchburg City Ward 3 Precinct A,Fitchburg 3-A,
Fitchburg City Ward 3 Precinct B,Fitchburg 3-B,
Fitchburg City Ward 4 Precinct A,Fitchburg 4-A,
Fitchburg City Ward 4 Precinct B,Fitchburg 4-B,
Fitchburg City Ward 5 Precinct A,Fitchburg 5-A,
Fitchburg City Ward 5 Precinct B,Fitchburg 5-B,
Fitchburg City Ward 6 Precinct A,Fitchburg 6-A,
Fitchburg City Ward 6 Precinct B,Fitchburg 6-B,
Florida Town Precinct 1,Florida 1,
Foxborough Town Precinct 1,Foxborough 1,
Foxborough Town Precinct 2,Foxborough 2,
Foxborough Town Precinct 3,Foxborough 3,
Foxborough Town Precinct 4,Foxborough 4,
Foxborough Town Precinct 5,Foxborough 5,
Framingham Town Precinct 1,Framingham 1,
Framingham Town Precinct 10,Framingham 10,
Framingham Town Precinct 11,Framingham 11,
Framingham Town Precinct 12,Framingham 12,
Framingham Town Precinct 13,Framingham 13,
Framingham Town Precinct 14,Framingham 14,
Framingham Town Precinct 15,Framingham 15,
Framingham Town Precinct 16,Framingham 16,
Framingham Town Precinct 17,Framingham 17,
Framingham Town Precinct 18,Framingham 18,
Framingham Town Precinct 2,Framingham 2,
Framingham Town Precinct 3,Framingham 3,
Framingham Town Precinct 4,Framingham 4,
Framingham Town Precinct 5,Framingham 5,
Framingham Town Precinct 6,Framingham 6,
Framingham Town Precinct 7,Framingham 7,
Framingham Town Precinct 8,Framingham 8,
Framingham Town Precinct 9,Framingham 9,
Franklin Town Precinct 1,Franklin 1,
Franklin Town Precinct 2,Franklin 2,
Franklin Town Precinct 3,Franklin 3,
Franklin Town Precinct 4,Franklin 4,
Franklin Town Precinct 5,Franklin 5,
Franklin Town Precinct 6,Franklin 6,
Franklin Town Precinct 7,Franklin 7,
Franklin Town Precinct 8,Franklin 8,
Freetown Town Precinct 1,Freetown 1,
Freetown Town Precinct 2,Freetown 2,
Freetown Town Precinct 3,Freetown 3,
Gardner City Ward 1 Precinct A,Gardner 1-A,
Gardner City Ward 1 Precinct B,Gardner 1-B,
Gardner City Ward 2 Precinct A,Gardner 2-A,
Gardner City Ward 2 Precinct B,Gardner 2-B,
Gardner City Ward 3 Precinct A,Gardner 3-A,
Gardner City Ward 3 Precinct B,Gardner 3-B,
Gardner City Ward 4 Precinct A,Gardner 4-A,
Gardner City Ward 4 Precinct B,Gardner 4-B,
Gardner City Ward 5 Precinct A,Gardner 5-A,
Gardner City Ward 5 Precinct B,Gardner 5-B,
Georgetown Town Precinct 1,Georgetown 1,
Georgetown Town Precinct 2,Georgetown 2,
Georgetown Town Precinct 3,Georgetown 3,
Gill Town Precinct 1,Gill 1,
Gloucester City Ward 1 Precinct 1,Gloucester 1-1,
Gloucester City Ward 1 Precinct 2,Gloucester 1-2,
Gloucester City Ward 2 Precinct 1,Gloucester 2-1,
Gloucester City Ward 2 Precinct 2,Gloucester 2-2,
Gloucester City Ward 3 Precinct 1,Gloucester 3-1,
Gloucester City Ward 3 Precinct 2,Gloucester 3-2,
Gloucester City Ward 4 Precinct 1,Gloucester 4-1,
Gloucester City Ward 4 Precinct 2,Gloucester 4-2,
Gloucester City Ward 5 Precinct 1,Gloucester 5-1,
Gloucester City Ward 5 Precinct 2,Gloucester 5-2,
Goshen Town Precinct 1,Goshen 1,
Gosnold Town Precinct 1,Gosnold 1,
Grafton Town Precinct 1,Grafton 1,
Grafton Town Precinct 2,Grafton 2,
Grafton Town Precinct 3,Grafton 3,
Grafton Town Precinct 4,Grafton 4,
Grafton Town Precinct 5,Grafton 5,
Granby Town Precinct 1,Granby 1,
Granby Town Precinct 2,Granby 2,
Granville Town Precinct 1,Granville 1,
Great Barrington Town Precinct A,Great Barrington A,
Great Barrington Town Precinct B,Great Barrington B,
Great Barrington Town Precinct C,Great Barrington C,
Great Barrington Town Precinct D,Great Barrington D,
Greenfield Town Precinct 1,Greenfield 1,
Greenfield Town Precinct 2,Greenfield 2,
Greenfield Town Precinct 3,Greenfield 3,
Greenfield Town Precinct 4,Greenfield 4,
Greenfield Town Precinct 5,Greenfield 5,
Greenfield Town Precinct 6,Greenfield 6,
Greenfield Town Precinct 7,Greenfield 7,
Greenfield Town Precinct 8,Greenfield 8,
Greenfield Town Precinct 9,Greenfield 9,
Groton Town Precinct 1,Groton 1,
Groton Town Precinct 2,Groton 2,
Groton Town Precinct 3,Groton 3,
Groveland Town Precinct 1,Groveland 1,
Groveland Town Precinct 2,Groveland 2,
Hadley Town Precinct 1,Hadley 1,
Halifax Town Precinct 1,Halifax 1,
Halifax Town Precinct 2,Halifax 2,
Hamilton Town Precinct 1,Hamilton 1,
Hamilton Town Precinct 2,Hamilton 2,
Hamilton Town Precinct 3,Hamilton 3,
Hampden Town Precinct 1,Hampden 1,
Hancock Town Precinct 1,Hancock 1,
Hanover Town Precinct 1,Hanover 1,
Hanover Town Precinct 2,Hanover 2,
Hanover Town Precinct 3,Hanover 3,
Hanover Town Precinct 4,Hanover 4,
Hanson Town Precinct 1,Hanson 1,
Hanson Town Precinct 2,Hanson 2,
Hanson Town Precinct 3,Hanson 3,
Hardwick Town Precinct 1,Hardwick 1,
Harvard Town Precinct 1,Harvard 1,
Harwich Town Precinct 1,Harwich 1,
Harwich Town Precinct 2,Harwich 2,
Harwich Town Precinct 3,Harwich 3,
Harwich Town Precinct 4,Harwich 4,
Hatfield Town Precinct 1,Hatfield 1,
Haverhill City Ward 1 Precinct 1,Haverhill 1-1,
Haverhill City Ward 1 Precinct 2,Haverhill 1-2,
Haverhill City Ward 1 Precinct 3,Haverhill 1-3,
Haverhill City Ward 2 Precinct 1,Haverhill 2-1,
Haverhill City Ward 2 Precinct 2,Haverhill 2-2,
Haverhill City Ward 2 Precinct 3,Haverhill 2-3,
Haverhill City Ward 3 Precinct 1,Haverhill 3-1,
Haverhill City Ward 3 Precinct 2,Haverhill 3-2,
Haverhill City Ward 3 Precinct 3,Haverhill 3-3,
Haverhill City Ward 4 Precinct 1,Haverhill 4-1,
Haverhill City Ward 4 Precinct 2,Haverhill 4-2,
Haverhill City Ward 4 Precinct 3,Haverhill 4-3,
Haverhill City Ward 5 Precinct 1,Haverhill 5-1,
Haverhill City Ward 5 Precinct 2,Haverhill 5-2,
Haverhill City Ward 5 Precinct 3,Haverhill 5-3,
Haverhill City Ward 6 Precinct 1,Haverhill 6-1,
Haverhill City Ward 6 Precinct 2,Haverhill 6-2,
Haverhill City Ward 6 Precinct 3,Haverhill 6-3,
Haverhill City Ward 7 Precinct 1,Haverhill 7-1,
Haverhill City Ward 7 Precinct 2,Haverhill 7-2,
Haverhill City Ward 7 Precinct 3,Haverhill 7-3,
Hawley Town Precinct 1,Hawley 1,
Heath Town Precinct 1,Heath 1,
Hingham Town Precinct 1,Hingham 1,
Hingham Town Precinct 2,Hingham 2,
Hingham Town Precinct 3,Hingham 3,
Hingham Town Precinct 4,Hingham 4,
Hingham Town Precinct 5,Hingham 5,Hingham 5A
Hingham Town Precinct 6,Hingham 6,
Hinsdale Town Precinct 1,Hinsdale 1,
Holbrook Town Precinct 1,Holbrook 1,
Holbrook Town Precinct 2,Holbrook 2,
Holbrook Town Precinct 3,Holbrook 3,
Holbrook Town Precinct 4,Holbrook 4,
Holden Town Precinct 1,Holden 1,
Holden Town Precinct 2,Holden 2,
Holden Town Precinct 3,Holden 3,
Holden Town Precinct 4,Holden 4,
Holden Town Precinct 5,Holden 5,
Holland Town Precinct 1,Holland 1,
Holliston Town Precinct 1,Holliston 1,
Holliston Town Precinct 2,Holliston 2,
Holliston Town Precinct 3,Holliston 3,
Holliston Town Precinct 4,Holliston 4,
Holyoke City Ward 1 Precinct A,Holyoke 1-A,
Holyoke City Ward 1 Precinct B,Holyoke 1-B,
Holyoke City Ward 2 Precinct A,Holyoke 2-A,
Holyoke City Ward 2 Precinct B,Holyoke 2-B,
Holyoke City Ward 3 Precinct A,Holyoke 3-A,
Holyoke City Ward 3 Precinct B,Holyoke 3-B,
Holyoke City Ward 4 Precinct A,Holyoke 4-A,
Holyoke City Ward 4 Precinct B,Holyoke 4-B,
Holyoke City Ward 5 Precinct A,Holyoke 5-A,
Holyoke City Ward 5 Precinct B,Holyoke 5-B,
Holyoke City Ward 6 Precinct A,Holyoke 6-A,
Holyoke City Ward 6 Precinct B,Holyoke 6-B,
Holyoke City Ward 7 Precinct A,Holyoke 7-A,
Holyoke City Ward 7 Precinct B,Holyoke 7-B,
Hopedale Town Precinct 1,Hopedale 1,
Hopkinton Town Precinct 1,Hopkinton 1,
Hopkinton Town Precinct 2,Hopkinton 2,
Hopkinton Town Precinct 3,Hopkinton 3,
Hopkinton Town Precinct 4,Hopkinton 4,
Hubbardston Town Precinct 1,Hubbardston 1,
Hudson Town Precinct 1,Hudson 1,
Hudson Town Precinct 2,Hudson 2,
Hudson Town Precinct 3,Hudson 3,
Hudson Town Precinct 4,Hudson 4,
Hudson Town Precinct 5,Hudson 5,
Hudson Town Precinct 6,Hudson 6,
Hudson Town Precinct 7,Hudson 7,
Hull Town Precinct 1,Hull 1,
Hull Town Precinct 2,Hull 2,
Hull Town Precinct 3,Hull 3,
Huntington Town Precinct 1,Huntington 1,
Ipswich Town Precinct 1,Ipswich 1,
Ipswich Town Precinct 2,Ipswich 2,
Ipswich Town Precinct 3,Ipswich 3,
Ipswich Town Precinct 4,Ipswich 4,
Kingston Town Precinct 1,Kingston 1,
Kingston Town Precinct 2,Kingston 2,
Kingston Town Precinct 3,Kingston 3,
Kingston Town Precinct 4,Kingston 4,
Lakeville Town Precinct 1,Lakeville 1,
Lakeville Town Precinct 2,Lakeville 2,
Lakeville Town Precinct 3,Lakeville 3,
Lancaster Town Precinct 1,Lancaster 1,
Lancaster Town Precinct 2,Lancaster 2,
Lanesborough Town Precinct 1,Lanesborough 1,
Lawrence City Ward A Precinct 1,Lawrence A-1,
Lawrence City Ward A Precinct 2,Lawrence A-2,
Lawrence City Ward A Precinct 3,Lawrence A-3,
Lawrence City Ward A Precinct 4,Lawrence A-4,
Lawrence City Ward B Precinct 1,Lawrence B-1,
Lawrence City Ward B Precinct 2,Lawrence B-2,
Lawrence City Ward B Precinct 3,Lawrence B-3,
Lawrence City Ward B Precinct 4,Lawrence B-4,
Lawrence City Ward C Precinct 1,Lawrence C-1,
Lawrence City Ward C Precinct 2,Lawrence C-2,
Lawrence City Ward C Precinct 3,Lawrence C-3,
Lawrence City Ward C Precinct 4,Lawrence C-4,
Lawrence City Ward D Precinct 1,Lawrence D-1,
Lawrence City Ward D Precinct 2,Lawrence D-2,
Lawrence City Ward D Precinct 3,Lawrence D-3,
Lawrence City Ward D Precinct 4,Lawrence D-4,
Lawrence City Ward E Precinct 1,Lawrence E-1,
Lawrence City Ward E Precinct 2,Lawrence E-2,
Lawrence City Ward E Precinct 3,Lawrence E-3,
Lawrence City Ward E Precinct 4,Lawrence E-4,
Lawrence City Ward F Precinct 1,Lawrence F-1,
Lawrence City Ward F Precinct 2,Lawrence F-2,
Lawrence City Ward F Precinct 3,Lawrence F-3,
Lawrence City Ward F Precinct 4,Lawrence F-4,
Lee Town Precinct 1,Lee 1,
Leicester Town Precinct 1,Leicester 1,
Leicester Town Precinct 2,Leicester 2,
Leicester Town Precinct 3,Leicester 3,
Leicester Town Precinct 4,Leicester 4,
Lenox Town Precinct 1,Lenox 1,
Leominster City Ward 1 Precinct A,Leominster 1-A,
Leominster City Ward 1 Precinct B,Leominster 1-B,
Leominster City Ward 1 Precinct C,Leominster 1-C,
Leominster City Ward 2 Precinct A,Leominster 2-A,
Leominster City Ward 2 Precinct B,Leominster 2-B,
Leominster City Ward 2 Precinct C,Leominster 2-C,
Leominster City Ward 3 Precinct A,Leominster 3-A,
Leominster City Ward 3 Precinct B,Leominster 3-B,
Leominster City Ward 3 Precinct C,Leominster 3-C,
Leominster City Ward 4 Precinct A,Leominster 4-A,
Leominster City Ward 4 Precinct B,Leominster 4-B,
Leominster City Ward 4 Precinct C,Leominster 4-C,
Leominster City Ward 5 Precinct A,Leominster 5-A,
Leominster City Ward 5 Precinct B,Leominster 5-B,
Leominster City Ward 5 Precinct C,Leominster 5-C,
Leverett Town Precinct 1,Leverett 1,
Lexington Town Precinct 1,Lexington 1,
Lexington Town Precinct 2,Lexington 2,
Lexington Town Precinct 3,Lexington 3,
Lexington Town Precinct 4,Lexington 4,
Lexington Town Precinct 5,Lexington 5,
Lexington Town Precinct 6,Lexington 6,
Lexington Town Precinct 7,Lexington 7,
Lexington Town Precinct 8,Lexington 8,
Lexington Town Precinct 9,Lexington 9,
Leyden Town Precinct 1,Leyden 1,
Lincoln Town Precinct 1,Lincoln 1,
Lincoln Town Precinct 2,Lincoln 2,
Littleton Town Precinct 1,Littleton 1,
Littleton Town Precinct 2,Littleton 2,
Littleton Town Precinct 3,Littleton 3,
Longmeadow Town Precinct A,Longmeadow A,
Longmeadow Town Precinct B,Longmeadow B,
Longmeadow Town Precinct C,Longmeadow C,
Longmeadow Town Precinct D,Longmeadow D,
Longmeadow Town Precinct E,Longmeadow E,
Lowell City Ward 1 Precinct 1,Lowell 1-1,
Lowell City Ward 1 Precinct 2,Lowell 1-2,
Lowell City Ward 1 Precinct 3,Lowell 1-3,
Lowell City Ward 10 Precinct 1,Lowell 10-1,
Lowell City Ward 10 Precinct 2,Lowell 10-2,
Lowell City Ward 10 Precinct 3,Lowell 10-3,
Lowell City Ward 11 Precinct 1,Lowell 11-1,
Lowell City Ward 11 Precinct 2,Lowell 11-2,
Lowell City Ward 11 Precinct 3,Lowell 11-3,
Lowell City Ward 2 Precinct 1,Lowell 2-1,
Lowell City Ward 2 Precinct 2,Lowell 2-2,
Lowell City Ward 2 Precinct 3,Lowell 2-3,
Lowell City Ward 3 Precinct 1,Lowell 3-1,
Lowell City Ward 3 Precinct 2,Lowell 3-2,
Lowell City Ward 3 Precinct 3,Lowell 3-3,
Lowell City Ward 4 Precinct 1,Lowell 4-1,
Lowell City Ward 4 Precinct 2,Lowell 4-2,
Lowell City Ward 4 Precinct 3,Lowell 4-3,
Lowell City Ward 5 Precinct 1,Lowell 5-1,
Lowell City Ward 5 Precinct 2,Lowell 5-2,
Lowell City Ward 5 Precinct 3,Lowell 5-3,
Lowell City Ward 6 Precinct 1,Lowell 6-1,
Lowell City Ward 6 Precinct 2,Lowell 6-2,
Lowell City Ward 6 Precinct 3,Lowell 6-3,
Lowell City Ward 7 Precinct 1,Lowell 7-1,
Lowell City Ward 7 Precinct 2,Lowell 7-2,
Lowell City Ward 7 Precinct 3,Lowell 7-3,
Lowell City Ward 8 Precinct 1,Lowell 8-1,
Lowell City Ward 8 Precinct 2,Lowell 8-2,
Lowell City Ward 8 Precinct 3,Lowell 8-3,
Lowell City Ward 9 Precinct 1,Lowell 9-1,
Lowell City Ward 9 Precinct 2,Lowell 9-2,
Lowell City Ward 9 Precinct 3,Lowell 9-3,
Ludlow Town Precinct 1,Ludlow 1,
Ludlow Town Precinct 2,Ludlow 2,
Ludlow Town Precinct 3,Ludlow 3,
Ludlow Town Precinct 4,Ludlow 4,
Ludlow Town Precinct 5,Ludlow 5,
Ludlow Town Precinct 6,Ludlow 6,
Lunenburg Town Precinct A,Lunenburg A,
Lunenburg Town Precinct B,Lunenburg B,
Lunenburg Town Precinct C,Lunenburg C,
Lunenburg Town Precinct D,Lunenburg D,
Lynn City Ward 1 Precinct 1,Lynn 1-1,
Lynn City Ward 1 Precinct 2,Lynn 1-2,
Lynn City Ward 1 Precinct 3,Lynn 1-3,
Lynn City Ward 1 Precinct 4,Lynn 1-4,
Lynn City Ward 2 Precinct 1,Lynn 2-1,
Lynn City Ward 2 Precinct 2,Lynn 2-2,
Lynn City Ward 2 Precinct 3,Lynn 2-3,
Lynn City Ward 2 Precinct 4,Lynn 2-4,
Lynn City Ward 3 Precinct 1,Lynn 3-1,
Lynn City Ward 3 Precinct 2,Lynn 3-2,
Lynn City Ward 3 Precinct 3,Lynn 3-3,
Lynn City Ward 3 Precinct 4,Lynn 3-4,
Lynn City Ward 4 Precinct 1,Lynn 4-1,
Lynn City Ward 4 Precinct 2,Lynn 4-2,
Lynn City Ward 4 Precinct 3,Lynn 4-3,
Lynn City Ward 4 Precinct 4,Lynn 4-4,
Lynn City Ward 5 Precinct 1,Lynn 5-1,
Lynn City Ward 5 Precinct 2,Lynn 5-2,
Lynn City Ward 5 Precinct 3,Lynn 5-3,
Lynn City Ward 5 Precinct 4,Lynn 5-4,
Lynn City Ward 6 Precinct 1,Lynn 6-1,
Lynn City Ward 6 Precinct 2,Lynn 6-2,
Lynn City Ward 6 Precinct 3,Lynn 6-3,
Lynn City Ward 6 Precinct 4,Lynn 6-4,
Lynn City Ward 7 Precinct 1,Lynn 7-1,
Lynn City Ward 7 Precinct 2,Lynn 7-2,
Lynn City Ward 7 Precinct 3,Lynn 7-3,
Lynn City Ward 7 Precinct 4,Lynn 7-4,
Lynnfield Town Precinct 1,Lynnfield 1,
Lynnfield Town Precinct 2,Lynnfield 2,
Lynnfield Town Precinct 3,Lynnfield 3,
Lynnfield Town Precinct 4,Lynnfield 4,
Malden City Ward 1 Precinct 1,Malden 1-1,
Malden City Ward 1 Precinct 2,Malden 1-2,
Malden City Ward 2 Precinct 1,Malden 2-1,
Malden City Ward 2 Precinct 2,Malden 2-2,
Malden City Ward 3 Precinct 1,Malden 3-1,
Malden City Ward 3 Precinct 2,Malden 3-2,
Malden City Ward 4 Precinct 1,Malden 4-1,
Malden City Ward 4 Precinct 2,Malden 4-2,
Malden City Ward 5 Precinct 1,Malden 5-1,
Malden City Ward 5 Precinct 2,Malden 5-2,
Malden City Ward 6 Precinct 1,Malden 6-1,
Malden City Ward 6 Precinct 2,Malden 6-2,
Malden City Ward 7 Precinct 1,Malden 7-1,
Malden City Ward 7 Precinct 2,Malden 7-2,
Malden City Ward 8 Precinct 1,Malden 8-1,
Malden City Ward 8 Precinct 2,Malden 8-2,
Manchester-by-the-Sea Town Precinct 1,Manchester-by-the-Sea 1,
Mansfield Town Precinct 1,Mansfield 1,
Mansfield Town Precinct 2,Mansfield 2,
Mansfield Town Precinct 3,Mansfield 3,
Mansfield Town Precinct 4,Mansfield 4,
Mansfield Town Precinct 5,Mansfield 5,
Mansfield Town Precinct 6,Mansfield 6,
Marblehead Town Precinct 1,Marblehead 1,
Marblehead Town Precinct 2,Marblehead 2,
Marblehead Town Precinct 3,Marblehead 3,
Marblehead Town Precinct 4,Marblehead 4,
Marblehead Town Precinct 5,Marblehead 5,
Marblehead Town Precinct 6,Marblehead 6,
Marion Town Precinct 1,Marion 1,
Marlborough City Ward 1 Precinct 1,Marlborough 1-1,
Marlborough City Ward 1 Precinct 2,Marlborough 1-2,
Marlborough City Ward 2 Precinct 1,Marlborough 2-1,
Marlborough City Ward 2 Precinct 2,Marlborough 2-2,
Marlborough City Ward 3 Precinct 1,Marlborough 3-1,
Marlborough City Ward 3 Precinct 2,Marlborough 3-2,
Marlborough City Ward 4 Precinct 1,Marlborough 4-1,
Marlborough City Ward 4 Precinct 2,Marlborough 4-2,
Marlborough City Ward 5 Precinct 1,Marlborough 5-1,
Marlborough City Ward 5 Precinct 2,Marlborough 5-2,
Marlborough City Ward 6 Precinct 1,Marlborough 6-1,
Marlborough City Ward 6 Precinct 2,Marlborough 6-2,
Marlborough City Ward 7 Precinct 1,Marlborough 7-1,
Marlborough City Ward 7 Precinct 2,Marlborough 7-2,
Marshfield Town Precinct 1,Marshfield 1,
Marshfield Town Precinct 2,Marshfield 2,
Marshfield Town Precinct 3,Marshfield 3,
Marshfield Town Precinct 4,Marshfield 4,
Marshfield Town Precinct 5,Marshfield 5,
Marshfield Town Precinct 6,Marshfield 6,
Marshfield Town Precinct 7,Marshfield 7,
Mashpee Town Precinct 1,Mashpee 1,
Mashpee Town Precinct 2,Mashpee 2,
Mashpee Town Precinct 3,Mashpee 3,
Mashpee Town Precinct 4,Mashpee 4,
Mashpee Town Precinct 5,Mashpee 5,
Mattapoisett Town Precinct 1,Mattapoisett 1,
Maynard Town Precinct 1,Maynard 1,
Maynard Town Precinct 2,Maynard 2,
Maynard Town Precinct 3,Maynard 3,
Maynard Town Precinct 4,Maynard 4,
Medfield Town Precinct 1,Medfield 1,
Medfield Town Precinct 2,Medfield 2,
Medfield Town Precinct 3,Medfield 3,
Medfield Town Precinct 4,Medfield 4,
Medford City Ward 1 Precinct 1,Medford 1-1,
Medford City Ward 1 Precinct 2,Medford 1-2,
Medford City Ward 2 Precinct 1,Medford 2-1,
Medford City Ward 2 Precinct 2,Medford 2-2,
Medford City Ward 3 Precinct 1,Medford 3-1,
Medford City Ward 3 Precinct 2,Medford 3-2,
Medford City Ward 4 Precinct 1,Medford 4-1,
Medford City Ward 4 Precinct 2,Medford 4-2,
Medford City Ward 5 Precinct 1,Medford 5-1,
Medford City Ward 5 Precinct 2,Medford 5-2,
Medford City Ward 6 Precinct 1,Medford 6-1,
Medford City Ward 6 Precinct 2,Medford 6-2,
Medford City Ward 7 Precinct 1,Medford 7-1,
Medford City Ward 7 Precinct 2,Medford 7-2,
Medford City Ward 8 Precinct 1,Medford 8-1,
Medford City Ward 8 Precinct 2,Medford 8-2,
Medway Town Precinct 1,Medway 1,
Medway Town Precinct 2,Medway 2,
Medway Town Precinct 3,Medway 3,
Medway Town Precinct 4,Medway 4,
Melrose City Ward 1 Precinct 1,Melrose 1-1,
Melrose City Ward 1 Precinct 2,Melrose 1-2,
Melrose City Ward 2 Precinct 1,Melrose 2-1,
Melrose City Ward 2 Precinct 2,Melrose 2-2,
Melrose City Ward 3 Precinct 1,Melrose 3-1,
Melrose City Ward 3 Precinct 2,Melrose 3-2,
Melrose City Ward 4 Precinct 1,Melrose 4-1,
Melrose City Ward 4 Precinct 2,Melrose 4-2,
Melrose City Ward 5 Precinct 1,Melrose 5-1,
Melrose City Ward 5 Precinct 2,Melrose 5-2,
Melrose City Ward 6 Precinct 1,Melrose 6-1,
Melrose City Ward 6 Precinct 2,Melrose 6-2,
Melrose City Ward 7 Precinct 1,Melrose 7-1,
Melrose City Ward 7 Precinct 2,Melrose 7-2,
Mendon Town Precinct 1,Mendon 1,
Merrimac Town Precinct 1,Merrimac 1,
Merrimac Town Precinct 2,Merrimac 2,
Methuen Town Precinct 1,Methuen 1,
Methuen Town Precinct 10,Methuen 10,
Methuen Town Precinct 11,Methuen 11,
Methuen Town Precinct 12,Methuen 12,
Methuen Town Precinct 2,Methuen 2,
Methuen Town Precinct 3,Methuen 3,
Methuen Town Precinct 4,Methuen 4,
Methuen Town Precinct 5,Methuen 5,
Methuen Town Precinct 6,Methuen 6,
Methuen Town Precinct 7,Methuen 7,
Methuen Town Precinct 8,Methuen 8,
Methuen Town Precinct 9,Methuen 9,
Middleborough Town Precinct 1,Middleborough 1,
Middleborough Town Precinct 2,Middleborough 2,
Middleborough Town Precinct 3,Middleborough 3,
Middleborough Town Precinct 4,Middleborough 4,
Middleborough Town Precinct 5,Middleborough 5,
Middleborough Town Precinct 6,Middleborough 6,
Middlefield Town Precinct 1,Middlefield 1,
Middleton Town Precinct 1,Middleton 1,
Middleton Town Precinct 2,Middleton 2,
Milford Town Precinct 1,Milford 1,
Milford Town Precinct 2,Milford 2,
Milford Town Precinct 3,Milford 3,
Milford Town Precinct 4,Milford 4,
Milford Town Precinct 5,Milford 5,
Milford Town Precinct 6,Milford 6,
Milford Town Precinct 7,Milford 7,
Milford Town Precinct 8,Milford 8,
Millbury Town Precinct 1,Millbury 1,
Millbury Town Precinct 2,Millbury 2,
Millbury Town Precinct 3,Millbury 3,
Millbury Town Precinct 4,Millbury 4,
Millis Town Precinct 1,Millis 1,
Millis Town Precinct 2,Millis 2,
Millis Town Precinct 3,Millis 3,
Millville Town Precinct 1,Millville 1,
Milton Town Precinct 1,Milton 1,
Milton Town Precinct 10,Milton 10,
Milton Town Precinct 2,Milton 2,
Milton Town Precinct 3,Milton 3,
Milton Town Precinct 4,Milton 4,
Milton Town Precinct 5,Milton 5,
Milton Town Precinct 6,Milton 6,
Milton Town Precinct 7,Milton 7,
Milton Town Precinct 8,Milton 8,
Milton Town Precinct 9,Milton 9,
Monroe Town Precinct 1,Monroe 1,
Monson Town Precinct A,Monson A,
Monson Town Precinct B,Monson B,
Monson Town Precinct C,Monson C,
Montague Town Precinct 1,Montague 1,
Montague Town Precinct 2,Montague 2,
Montague Town Precinct 3,Montague 3,
Montague Town Precinct 4,Montague 4,
Montague Town Precinct 5,Montague 5,
Montague Town Precinct 6,Montague 6,
Monterey Town Precinct 1,Monterey 1,
Montgomery Town Precinct 1,Montgomery 1,
Mount Washington Town Precinct 1,Mount Washington 1,
Nahant Town Precinct 1,Nahant 1,
Nantucket Town Precinct 1,Nantucket 1,
Natick Town Precinct 1,Natick 1,
Natick Town Precinct 10,Natick 10,
Natick Town Precinct 2,Natick 2,
Natick Town Precinct 3,Natick 3,
Natick Town Precinct 4,Natick 4,
Natick Town Precinct 5,Natick 5,
Natick Town Precinct 6,Natick 6,
Natick Town Precinct 7,Natick 7,
Natick Town Precinct 8,Natick 8,
Natick Town Precinct 9,Natick 9,
Needham Town Precinct A,Needham A,
Needham Town Precinct B,Needham B,
Needham Town Precinct C,Needham C,
Needham Town Precinct D,Needham D,
Needham Town Precinct E,Needham E,
Needham Town Precinct F,Needham F,
Needham Town Precinct G,Needham G,
Needham Town Precinct H,Needham H,
Needham Town Precinct I,Needham I,
Needham Town Precinct J,Needham J,
New Ashford Town Precinct 1,New Ashford 1,
New Bedford City Ward 1 Precinct A,New Bedford 1-A,
New Bedford City Ward 1 Precinct B,New Bedford 1-B,
New Bedford City Ward 1 Precinct C,New Bedford 1-C,
New Bedford City Ward 1 Precinct D,New Bedford 1-D,
New Bedford City Ward 1 Precinct E,New Bedford 1-E,
New Bedford City Ward 1 Precinct F,New Bedford 1-F,
New Bedford City Ward 2 Precinct A,New Bedford 2-A,
New Bedford City Ward 2 Precinct B,New Bedford 2-B,
New Bedford City Ward 2 Precinct C,New Bedford 2-C,
New Bedford City Ward 2 Precinct D,New Bedford 2-D,
New Bedford City Ward 2 Precinct E,New Bedford 2-E,
New Bedford City Ward 2 Precinct F,New Bedford 2-F,
New Bedford City Ward 3 Precinct A,New Bedford 3-A,
New Bedford City Ward 3 Precinct B,New Bedford 3-B,
New Bedford City Ward 3 Precinct C,New Bedford 3-C,
New Bedford City Ward 3 Precinct D,New Bedford 3-D,
New Bedford City Ward 3 Precinct E,New Bedford 3-E,
New Bedford City Ward 3 Precinct F,New Bedford 3-F,
New Bedford City Ward 4 Precinct A,New Bedford 4-A,
New Bedford City Ward 4 Precinct B,New Bedford 4-B,
New Bedford City Ward 4 Precinct C,New Bedford 4-C,
New Bedford City Ward 4 Precinct D,New Bedford 4-D,
New Bedford City Ward 4 Precinct E,New Bedford 4-E,
New Bedford City Ward 4 Precinct F,New Bedford 4-F,
New Bedford City Ward 5 Precinct A,New Bedford 5-A,
New Bedford City Ward 5 Precinct B,New Bedford 5-B,
New Bedford City Ward 5 Precinct C,New Bedford 5-C,
New Bedford City Ward 5 Precinct D,New Bedford 5-D,
New Bedford City Ward 5 Precinct E,New Bedford 5-E,
New Bedford City Ward 5 Precinct F,New Bedford 5-F,
New Bedford City Ward 6 Precinct A,New Bedford 6-A,
New Bedford City Ward 6 Precinct B,New Bedford 6-B,
New Bedford City Ward 6 Precinct C,New Bedford 6-C,
New Bedford City Ward 6 Precinct D,New Bedford 6-D,
New Bedford City Ward 6 Precinct E,New Bedford 6-E,
New Bedford City Ward 6 Precinct F,New Bedford 6-F,
New Braintree Town Precinct 1,New Braintree 1,
New Marlborough Town Precinct 1,New Marlborough 1,
New Salem Town Precinct 1,New Salem 1,
Newbury Town Precinct 1,Newbury 1,
Newbury Town Precinct 2,Newbury 2,
Newburyport City Ward 1 Precinct 1,Newburyport 1-1,Newburyport 1-P
Newburyport City Ward 2 Precinct 1,Newburyport 2-1,
Newburyport City Ward 3 Precinct 1,Newburyport 3-1,
Newburyport City Ward 4 Precinct 1,Newburyport 4-1,
Newburyport City Ward 5 Precinct 1,Newburyport 5-1,
Newburyport City Ward 6 Precinct 1,Newburyport 6-1,
Newton City Ward 1 Precinct 1,Newton 1-1,
Newton City Ward 1 Precinct 2,Newton 1-2,
Newton City Ward 1 Precinct 3,Newton 1-3,
Newton City Ward 1 Precinct 4,Newton 1-4,
Newton City Ward 2 Precinct 1,Newton 2-1,
Newton City Ward 2 Precinct 2,Newton 2-2,
Newton City Ward 2 Precinct 3,Newton 2-3,
Newton City Ward 2 Precinct 4,Newton 2-4,
Newton City Ward 3 Precinct 1,Newton 3-1,
Newton City Ward 3 Precinct 2,Newton 3-2,
Newton City Ward 3 Precinct 3,Newton 3-3,
Newton City Ward 3 Precinct 4,Newton 3-4,
Newton City Ward 4 Precinct 1,Newton 4-1,
Newton City Ward 4 Precinct 2,Newton 4-2,
Newton City Ward 4 Precinct 3,Newton 4-3,
Newton City Ward 4 Precinct 4,Newton 4-4,
Newton City Ward 5 Precinct 1,Newton 5-1,
Newton City Ward 5 Precinct 2,Newton 5-2,
Newton City Ward 5 Precinct 3,Newton 5-3,
Newton City Ward 5 Precinct 4,Newton 5-4,
Newton City Ward 6 Precinct 1,Newton 6-1,
Newton City Ward 6 Precinct 2,Newton 6-2,
Newton City Ward 6 Precinct 3,Newton 6-3,
Newton City Ward 6 Precinct 4,Newton 6-4,
Newton City Ward 7 Precinct 1,Newton 7-1,
Newton City Ward 7 Precinct 2,Newton 7-2,
Newton City Ward 7 Precinct 3,Newton 7-3,
Newton City Ward 7 Precinct 4,Newton 7-4,
Newton City Ward 8 Precinct 1,Newton 8-1,
Newton City Ward 8 Precinct 2,Newton 8-2,
Newton City Ward 8 Precinct 3,Newton 8-3,
Newton City Ward 8 Precinct 4,Newton 8-4,
Norfolk Town Precinct 1,Norfolk 1,
Norfolk Town Precinct 2,Norfolk 2,
Norfolk Town Precinct 3,Norfolk 3,
North Adams City Ward 1 Precinct 1,N. Adams 1-1,
North Adams City Ward 2 Precinct 2,N. Adams 2-2,
North Adams City Ward 3 Precinct 3,N. Adams 3-3,
North Adams City Ward 4 Precinct 4,N. Adams 4-4,
North Adams City Ward 5 Precinct 5,N. Adams 5-5,
North Andover Town Precinct 1,N. Andover 1,
North Andover Town Precinct 2,N. Andover 2,
North Andover Town Precinct 3,N. Andover 3,
North Andover Town Precinct 4,N. Andover 4,
North Andover Town Precinct 5,N. Andover 5,
North Andover Town Precinct 6,N. Andover 6,
North Andover Town Precinct 7,N. Andover 7,
North Andover Town Precinct 8,N. Andover 8,
North Attleborough Town Precinct 1,N. Attleborough 1,
North Attleborough Town Precinct 2,N. Attleborough 2,
North Attleborough Town Precinct 3,N. Attleborough 3,
North Attleborough Town Precinct 4,N. Attleborough 4,
North Attleborough Town Precinct 5,N. Attleborough 5,
North Attleborough Town Precinct 6,N. Attleborough 6,
North Attleborough Town Precinct 7,N. Attleborough 7,
North Attleborough Town Precinct 8,N. Attleborough 8,
North Attleborough Town Precinct 9,N. Attleborough 9,
North Brookfield Town Precinct 1,N. Brookfield 1,
North Reading Town Precinct 1,N. Reading 1,
North Reading Town Precinct 2,N. Reading 2,
North Reading Town Precinct 3,N. Reading 3,
North Reading Town Precinct 4,N. Reading 4,
Northampton City Ward 1 Precinct A,Northampton 1-A,
Northampton City Ward 1 Precinct B,Northampton 1-B,
Northampton City Ward 2 Precinct A,Northampton 2-A,
Northampton City Ward 2 Precinct B,Northampton 2-B,
Northampton City Ward 3 Precinct A,Northampton 3-A,
Northampton City Ward 3 Precinct B,Northampton 3-B,
Northampton City Ward 4 Precinct A,Northampton 4-A,
Northampton City Ward 4 Precinct B,Northampton 4-B,
Northampton City Ward 5 Precinct A,Northampton 5-A,
Northampton City Ward 5 Precinct B,Northampton 5-B,
Northampton City Ward 6 Precinct A,Northampton 6-A,
Northampton City Ward 6 Precinct B,Northampton 6-B,
Northampton City Ward 7 Precinct A,Northampton 7-A,
Northampton City Ward 7 Precinct B,Northampton 7-B,
Northborough Town Precinct 1,Northborough 1,
Northborough Town Precinct 2,Northborough 2,
Northborough Town Precinct 3,Northborough 3,
Northborough Town Precinct 4,Northborough 4,
Northbridge Town Precinct 1,Northbridge 1,
Northbridge Town Precinct 2,Northbridge 2,
Northbridge Town Precinct 3,Northbridge 3,
Northbridge Town Precinct 4,Northbridge 4,
Northfield Town Precinct 1,Northfield 1,
Norton Town Precinct 1,Norton 1,
Norton Town Precinct 2,Norton 2,
Norton Town Precinct 3,Norton 3,
Norton Town Precinct 4,Norton 4,
Norton Town Precinct 5,Norton 5,
Norwell Town Precinct 1,Norwell 1,
Norwell Town Precinct 2,Norwell 2,
Norwell Town Precinct 3,Norwell 3,
Norwood Town Precinct 1,Norwood 1,
Norwood Town Precinct 2,Norwood 2,
Norwood Town Precinct 3,Norwood 3,
Norwood Town Precinct 4,Norwood 4,
Norwood Town Precinct 5,Norwood 5,
Norwood Town Precinct 6,Norwood 6,
Norwood Town Precinct 7,Norwood 7,
Norwood Town Precinct 8,Norwood 8,
Norwood Town Precinct 9,Norwood 9,
Oak Bluffs Town Precinct 1,Oak Bluffs 1,
Oakham Town Precinct 1,Oakham 1,
Orange Town Precinct 1,Orange 1,
Orange Town Precinct 2,Orange 2,
Orleans Town Precinct 1,Orleans 1,
Otis Town Precinct 1,Otis 1,
Oxford Town Precinct 1,Oxford 1,
Oxford Town Precinct 2,Oxford 2,
Oxford Town Precinct 3,Oxford 3,
Oxford Town Precinct 4,Oxford 4,
Palmer Town Precinct 1,Palmer 1,Palmer 1A
Palmer Town Precinct 2,Palmer 2,
Palmer Town Precinct 3,Palmer 3,
Palmer Town Precinct 4,Palmer 4,
Paxton Town Precinct 1,Paxton 1,
Peabody City Ward 1 Precinct 1,Peabody 1-1,
Peabody City Ward 1 Precinct 2,Peabody 1-2,
Peabody City Ward 1 Precinct 3,Peabody 1-3,
Peabody City Ward 2 Precinct 1,Peabody 2-1,
Peabody City Ward 2 Precinct 2,Peabody 2-2,
Peabody City Ward 2 Precinct 3,Peabody 2-3,
Peabody City Ward 3 Precinct 1,Peabody 3-1,
Peabody City Ward 3 Precinct 2,Peabody 3-2,
Peabody City Ward 3 Precinct 3,Peabody 3-3,
Peabody City Ward 4 Precinct 1,Peabody 4-1,
Peabody City Ward 4 Precinct 2,Peabody 4-2,
Peabody City Ward 4 Precinct 3,Peabody 4-3,Peabody 4-3A
Peabody City Ward 5 Precinct 1,Peabody 5-1,
Peabody City Ward 5 Precinct 2,Peabody 5-2,
Peabody City Ward 5 Precinct 3,Peabody 5-3,
Peabody City Ward 6 Precinct 1,Peabody 6-1,
Peabody City Ward 6 Precinct 2,Peabody 6-2,
Peabody City Ward 6 Precinct 3,Peabody 6-3,
Pelham Town Precinct 1,Pelham 1,
Pembroke Town Precinct 1,Pembroke 1,
Pembroke Town Precinct 2,Pembroke 2,
Pembroke Town Precinct 3,Pembroke 3,
Pembroke Town Precinct 4,Pembroke 4,
Pembroke Town Precinct 5,Pembroke 5,
Pepperell Town Precinct 1,Pepperell 1,
Pepperell Town Precinct 2,Pepperell 2,
Pepperell Town Precinct 3,Pepperell 3,
Peru Town Precinct 1,Peru 1,
Petersham Town Precinct 1,Petersham 1,
Phillipston Town Precinct 1,Phillipston 1,
Pittsfield City Ward 1 Precinct A,Pittsfield 1-A,
Pittsfield City Ward 1 Precinct B,Pittsfield 1-B,
Pittsfield City Ward 2 Precinct A,Pittsfield 2-A,
Pittsfield City Ward 2 Precinct B,Pittsfield 2-B,
Pittsfield City Ward 3 Precinct A,Pittsfield 3-A,
Pittsfield City Ward 3 Precinct B,Pittsfield 3-B,
Pittsfield City Ward 4 Precinct A,Pittsfield 4-A,
Pittsfield City Ward 4 Precinct B,Pittsfield 4-B,
Pittsfield City Ward 5 Precinct A,Pittsfield 5-A,
Pittsfield City Ward 5 Precinct B,Pittsfield 5-B,
Pittsfield City Ward 6 Precinct A,Pittsfield 6-A,
Pittsfield City Ward 6 Precinct B,Pittsfield 6-B,
Pittsfield City Ward 7 Precinct A,Pittsfield 7-A,
Pittsfield City Ward 7 Precinct B,Pittsfield 7-B,
Plainfield Town Precinct 1,Plainfield 1,
Plainville Town Precinct 1,Plainville 1,
Plainville Town Precinct 2,Plainville 2,
Plainville Town Precinct 3,Plainville 3,
Plymouth Town Precinct 1,Plymouth 1,
Plymouth Town Precinct 10,Plymouth 10,
Plymouth Town Precinct 11,Plymouth 11,
Plymouth Town Precinct 12,Plymouth 12,
Plymouth Town Precinct 13,Plymouth 13,
Plymouth Town Precinct 14,Plymouth 14,
Plymouth Town Precinct 15,Plymouth 15,
Plymouth Town Precinct 2,Plymouth 2,
Plymouth Town Precinct 3,Plymouth 3,
Plymouth Town Precinct 4,Plymouth 4,
Plymouth Town Precinct 5,Plymouth 5,
Plymouth Town Precinct 6,Plymouth 6,
Plymouth Town Precinct 7,Plymouth 7,
Plymouth Town Precinct 8,Plymouth 8,
Plymouth Town Precinct 9,Plymouth 9,
Plympton Town Precinct 1,Plympton 1,
Princeton Town Precinct 1,Princeton 1,
Provincetown Town Precinct 1,Provincetown 1,
Quincy City Ward 1 Precinct 1,Quincy 1-1,
Quincy City Ward 1 Precinct 2,Quincy 1-2,
Quincy City Ward 1 Precinct 3,Quincy 1-3,
Quincy City Ward 1 Precinct 4,Quincy 1-4,
Quincy City Ward 1 Precinct 5,Quincy 1-5,
Quincy City Ward 2 Precinct 1,Quincy 2-1,
Quincy City Ward 2 Precinct 2,Quincy 2-2,
Quincy City Ward 2 Precinct 3,Quincy 2-3,Quincy 2-3A
Quincy City Ward 2 Precinct 4,Quincy 2-4,
Quincy City Ward 2 Precinct 5,Quincy 2-5,
Quincy City Ward 3 Precinct 1,Quincy 3-1,
Quincy City Ward 3 Precinct 2,Quincy 3-2,
Quincy City Ward 3 Precinct 3,Quincy 3-3,
Quincy City Ward 3 Precinct 4,Quincy 3-4,
Quincy City Ward 3 Precinct 5,Quincy 3-5,
Quincy City Ward 4 Precinct 1,Quincy 4-1,
Quincy City Ward 4 Precinct 2,Quincy 4-2,
Quincy City Ward 4 Precinct 3,Quincy 4-3,
Quincy City Ward 4 Precinct 4,Quincy 4-4,
Quincy City Ward 4 Precinct 5,Quincy 4-5,
Quincy City Ward 5 Precinct 1,Quincy 5-1,
Quincy City Ward 5 Precinct 2,Quincy 5-2,
Quincy City Ward 5 Precinct 3,Quincy 5-3,
Quincy City Ward 5 Precinct 4,Quincy 5-4,
Quincy City Ward 5 Precinct 5,Quincy 5-5,
Quincy City Ward 6 Precinct 1,Quincy 6-1,
Quincy City Ward 6 Precinct 2,Quincy 6-2,
Quincy City Ward 6 Precinct 3,Quincy 6-3,
Quincy City Ward 6 Precinct 4,Quincy 6-4,
Quincy City Ward 6 Precinct 5,Quincy 6-5,
Randolph Town Precinct 1,Randolph 1,
Randolph Town Precinct 10,Randolph 10,
Randolph Town Precinct 11,Randolph 11,
Randolph Town Precinct 12,Randolph 12,
Randolph Town Precinct 2,Randolph 2,
Randolph Town Precinct 3,Randolph 3,
Randolph Town Precinct 4,Randolph 4,
Randolph Town Precinct 5,Randolph 5,
Randolph Town Precinct 6,Randolph 6,
Randolph Town Precinct 7,Randolph 7,
Randolph Town Precinct 8,Randolph 8,
Randolph Town Precinct 9,Randolph 9,
Raynham Town Precinct 1,Raynham 1,Raynham 1A
Raynham Town Precinct 2,Raynham 2,Raynham 2A
Raynham Town Precinct 3,Raynham 3,
Raynham Town Precinct 4,Raynham 4,
Reading Town Precinct 1,Reading 1,
Reading Town Precinct 2,Reading 2,
Reading Town Precinct 3,Reading 3,
Reading Town Precinct 4,Reading 4,
Reading Town Precinct 5,Reading 5,
Reading Town Precinct 6,Reading 6,
Reading Town Precinct 7,Reading 7,
Reading Town Precinct 8,Reading 8,
Rehoboth Town Precinct 1,Rehoboth 1,
Rehoboth Town Precinct 2,Rehoboth 2,
Rehoboth Town Precinct 3,Rehoboth 3,
Revere City Ward 1 Precinct 1,Revere 1-1,
Revere City Ward 1 Precinct 2,Revere 1-2,
Revere City Ward 1 Precinct 3,Revere 1-3,
Revere City Ward 2 Precinct 1,Revere 2-1,
Revere City Ward 2 Precinct 2,Revere 2-2,
Revere City Ward 2 Precinct 3,Revere 2-3,Revere 2-3A
Revere City Ward 3 Precinct 1,Revere 3-1,
Revere City Ward 3 Precinct 2,Revere 3-2,
Revere City Ward 3 Precinct 3,Revere 3-3,
Revere City Ward 4 Precinct 1,Revere 4-1,
Revere City Ward 4 Precinct 2,Revere 4-2,
Revere City Ward 4 Precinct 3,Revere 4-3,
Revere City Ward 5 Precinct 1,Revere 5-1,Revere 5-1A
Revere City Ward 5 Precinct 2,Revere 5-2,Revere 5-2A
Revere City Ward 5 Precinct 3,Revere 5-3,
Revere City Ward 6 Precinct 1,Revere 6-1,
Revere City Ward 6 Precinct 2,Revere 6-2,
Revere City Ward 6 Precinct 3,Revere 6-3,
Richmond Town Precinct 1,Richmond 1,
Rochester Town Precinct 1,Rochester 1,
Rockland Town Precinct 1,Rockland 1,
Rockland Town Precinct 2,Rockland 2,
Rockland Town Precinct 3,Rockland 3,
Rockland Town Precinct 4,Rockland 4,
Rockland Town Precinct 5,Rockland 5,
Rockland Town Precinct 6,Rockland 6,
Rockport Town Precinct 1,Rockport 1,
Rockport Town Precinct 2,Rockport 2,
Rockport Town Precinct 3,Rockport 3,
Rowe Town Precinct 1,Rowe 1,
Rowley Town Precinct 1,Rowley 1,
Royalston Town Precinct 1,Royalston 1,
Royalston Town Precinct 2,Royalston 2,
Russell Town Precinct 1,Russell 1,
Rutland Town Precinct 1,Rutland 1,
Rutland Town Precinct 2,Rutland 2,
Rutland Town Precinct 3,Rutland 3,
Salem City Ward 1 Precinct 1,Salem 1-1,
Salem City Ward 1 Precinct 2,Salem 1-2,
Salem City Ward 2 Precinct 1,Salem 2-1,
Salem City Ward 2 Precinct 2,Salem 2-2,
Salem City Ward 3 Precinct 1,Salem 3-1,
Salem City Ward 3 Precinct 2,Salem 3-2,
Salem City Ward 4 Precinct 1,Salem 4-1,
Salem City Ward 4 Precinct 2,Salem 4-2,
Salem City Ward 5 Precinct 1,Salem 5-1,
Salem City Ward 5 Precinct 2,Salem 5-2,
Salem City Ward 6 Precinct 1,Salem 6-1,
Salem City Ward 6 Precinct 2,Salem 6-2,
Salem City Ward 7 Precinct 1,Salem 7-1,
Salem City Ward 7 Precinct 2,Salem 7-2,
Salisbury Town Precinct 1,Salisbury 1,
Salisbury Town Precinct 2,Salisbury 2,
Salisbury Town Precinct 3,Salisbury 3,
Sandisfield Town Precinct 1,Sandisfield 1,
Sandwich Town Precinct 1,Sandwich 1,
Sandwich Town Precinct 2,Sandwich 2,
Sandwich Town Precinct 3,Sandwich 3,
Sandwich Town Precinct 4,Sandwich 4,
Sandwich Town Precinct 5,Sandwich 5,
Sandwich Town Precinct 6,Sandwich 6,
Saugus Town Precinct 1,Saugus 1,
Saugus Town Precinct 10,Saugus 10,
Saugus Town Precinct 2,Saugus 2,
Saugus Town Precinct 3,Saugus 3,
Saugus Town Precinct 4,Saugus 4,
Saugus Town Precinct 5,Saugus 5,
Saugus Town Precinct 6,Saugus 6,
Saugus Town Precinct 7,Saugus 7,
Saugus Town Precinct 8,Saugus 8,
Saugus Town Precinct 9,Saugus 9,
Savoy Town Precinct 1,Savoy 1,
Scituate Town Precinct 1,Scituate 1,
Scituate Town Precinct 2,Scituate 2,
Scituate Town Precinct 3,Scituate 3,
Scituate Town Precinct 4,Scituate 4,
Scituate Town Precinct 5,Scituate 5,
Scituate Town Precinct 6,Scituate 6,
Seekonk Town Precinct 1,Seekonk 1,
Seekonk Town Precinct 2,Seekonk 2,
Seekonk Town Precinct 3,Seekonk 3,
Seekonk Town Precinct 4,Seekonk 4,
Sharon Town Precinct 1,Sharon 1,
Sharon Town Precinct 2,Sharon 2,
Sharon Town Precinct 3,Sharon 3,
Sharon Town Precinct 4,Sharon 4,
Sharon Town Precinct 5,Sharon 5,
Sheffield Town Precinct 1,Sheffield 1,
Shelburne Town Precinct 1,Shelburne 1,
Sherborn Town Precinct 1,Sherborn 1,
Shirley Town Precinct 1,Shirley 1,
Shrewsbury Town Precinct 1,Shrewsbury 1,
Shrewsbury Town Precinct 10,Shrewsbury 10,
Shrewsbury Town Precinct 2,Shrewsbury 2,
Shrewsbury Town Precinct 3,Shrewsbury 3,
Shrewsbury Town Precinct 4,Shrewsbury 4,
Shrewsbury Town Precinct 5,Shrewsbury 5,
Shrewsbury Town Precinct 6,Shrewsbury 6,
Shrewsbury Town Precinct 7,Shrewsbury 7,
Shrewsbury Town Precinct 8,Shrewsbury 8,
Shrewsbury Town Precinct 9,Shrewsbury 9,
Shutesbury Town Precinct 1,Shutesbury 1,
Somerset Town Precinct 1,Somerset 1,
Somerset Town Precinct 2,Somerset 2,
Somerset Town Precinct 3,Somerset 3,
Somerset Town Precinct 4,Somerset 4,
Somerset Town Precinct 5,Somerset 5,
Somerville City Ward 1 Precinct 1,Somerville 1-1,
Somerville City Ward 1 Precinct 2,Somerville 1-2,
Somerville City Ward 1 Precinct 3,Somerville 1-3,
Somerville City Ward 2 Precinct 1,Somerville 2-1,
Somerville City Ward 2 Precinct 2,Somerville 2-2,
Somerville City Ward 2 Precinct 3,Somerville 2-3,
Somerville City Ward 3 Precinct 1,Somerville 3-1,
Somerville City Ward 3 Precinct 2,Somerville 3-2,
Somerville City Ward 3 Precinct 3,Somerville 3-3,
Somerville City Ward 4 Precinct 1,Somerville 4-1,
Somerville City Ward 4 Precinct 2,Somerville 4-2,
Somerville City Ward 4 Precinct 3,Somerville 4-3,
Somerville City Ward 5 Precinct 1,Somerville 5-1,
Somerville City Ward 5 Precinct 2,Somerville 5-2,
Somerville City Ward 5 Precinct 3,Somerville 5-3,
Somerville City Ward 6 Precinct 1,Somerville 6-1,
Somerville City Ward 6 Precinct 2,Somerville 6-2,
Somerville City Ward 6 Precinct 3,Somerville 6-3,
Somerville City Ward 7 Precinct 1,Somerville 7-1,
Somerville City Ward 7 Precinct 2,Somerville 7-2,
Somerville City Ward 7 Precinct 3,Somerville 7-3,
South Hadley Town Precinct A,S. Hadley A,
South Hadley Town Precinct B,S. Hadley B,
South Hadley Town Precinct C,S. Hadley C,
South Hadley Town Precinct D,S. Hadley D,
South Hadley Town Precinct E,S. Hadley E,
Southampton Town Precinct 1,Southampton 1,
Southborough Town Precinct 1,Southborough 1,
Southborough Town Precinct 2,Southborough 2,
Southborough Town Precinct 3,Southborough 3,
Southbridge Town Precinct 1,Southbridge 1,
Southbridge Town Precinct 2,Southbridge 2,
Southbridge Town Precinct 3,Southbridge 3,
Southbridge Town Precinct 4,Southbridge 4,
Southbridge Town Precinct 5,Southbridge 5,
Southwick Town Precinct 1,Southwick 1,
Southwick Town Precinct 2,Southwick 2,
Southwick Town Precinct 3,Southwick 3,
Spencer Town Precinct 1,Spencer 1,
Spencer Town Precinct 2,Spencer 2,
Spencer Town Precinct 3,Spencer 3,
Spencer Town Precinct 4,Spencer 4,
Springfield City Ward 1 Precinct A,Springfield 1-A,
Springfield City Ward 1 Precinct B,Springfield 1-B,
Springfield City Ward 1 Precinct C,Springfield 1-C,
Springfield City Ward 1 Precinct D,Springfield 1-D,
Springfield City Ward 1 Precinct E,Springfield 1-E,
Springfield City Ward 1 Precinct F,Springfield 1-F,
Springfield City Ward 1 Precinct G,Springfield 1-G,
Springfield City Ward 1 Precinct H,Springfield 1-H,
Springfield City Ward 2 Precinct A,Springfield 2-A,
Springfield City Ward 2 Precinct B,Springfield 2-B,
Springfield City Ward 2 Precinct C,Springfield 2-C,
Springfield City Ward 2 Precinct D,Springfield 2-D,
Springfield City Ward 2 Precinct E,Springfield 2-E,
Springfield City Ward 2 Precinct F,Springfield 2-F,
Springfield City Ward 2 Precinct G,Springfield 2-G,
Springfield City Ward 2 Precinct H,Springfield 2-H,
Springfield City Ward 3 Precinct A,Springfield 3-A,
Springfield City Ward 3 Precinct B,Springfield 3-B,
Springfield City Ward 3 Precinct C,Springfield 3-C,
Springfield City Ward 3 Precinct D,Springfield 3-D,
Springfield City Ward 3 Precinct E,Springfield 3-E,
Springfield City Ward 3 Precinct F,Springfield 3-F,
Springfield City Ward 3 Precinct G,Springfield 3-G,
Springfield City Ward 3 Precinct H,Springfield 3-H,
Springfield City Ward 4 Precinct A,Springfield 4-A,
Springfield City Ward 4 Precinct B,Springfield 4-B,
Springfield City Ward 4 Precinct C,Springfield 4-C,
Springfield City Ward 4 Precinct D,Springfield 4-D,
Springfield City Ward 4 Precinct E,Springfield 4-E,
Springfield City Ward 4 Precinct F,Springfield 4-F,
Springfield City Ward 4 Precinct G,Springfield 4-G,
Springfield City Ward 4 Precinct H,Springfield 4-H,
Springfield City Ward 5 Precinct A,Springfield 5-A,
Springfield City Ward 5 Precinct B,Springfield 5-B,
Springfield City Ward 5 Precinct C,Springfield 5-C,
Springfield City Ward 5 Precinct D,Springfield 5-D,
Springfield City Ward 5 Precinct E,Springfield 5-E,
Springfield City Ward 5 Precinct F,Springfield 5-F,
Springfield City Ward 5 Precinct G,Springfield 5-G,
Springfield City Ward 5 Precinct H,Springfield 5-H,
Springfield City Ward 6 Precinct A,Springfield 6-A,
Springfield City Ward 6 Precinct B,Springfield 6-B,
Springfield City Ward 6 Precinct C,Springfield 6-C,
Springfield City Ward 6 Precinct D,Springfield 6-D,
Springfield City Ward 6 Precinct E,Springfield 6-E,
Springfield City Ward 6 Precinct F,Springfield 6-F,
Springfield City Ward 6 Precinct G,Springfield 6-G,
Springfield City Ward 6 Precinct H,Springfield 6-H,
Springfield City Ward 7 Precinct A,Springfield 7-A,
Springfield City Ward 7 Precinct B,Springfield 7-B,
Springfield City Ward 7 Precinct C,Springfield 7-C,
Springfield City Ward 7 Precinct D,Springfield 7-D,
Springfield City Ward 7 Precinct E,Springfield 7-E,
Springfield City Ward 7 Precinct F,Springfield 7-F,
Springfield City Ward 7 Precinct G,Springfield 7-G,
Springfield City Ward 7 Precinct H,Springfield 7-H,
Springfield City Ward 8 Precinct A,Springfield 8-A,
Springfield City Ward 8 Precinct B,Springfield 8-B,
Springfield City Ward 8 Precinct C,Springfield 8-C,
Springfield City Ward 8 Precinct D,Springfield 8-D,
Springfield City Ward 8 Precinct E,Springfield 8-E,
Springfield City Ward 8 Precinct F,Springfield 8-F,
Springfield City Ward 8 Precinct G,Springfield 8-G,
Springfield City Ward 8 Precinct H,Springfield 8-H,
Sterling Town Precinct 1,Sterling 1,
Sterling Town Precinct 2,Sterling 2,
Stockbridge Town Precinct 1,Stockbridge 1,
Stoneham Town Precinct 1,Stoneham 1,
Stoneham Town Precinct 2,Stoneham 2,
Stoneham Town Precinct 3,Stoneham 3,
Stoneham Town Precinct 4,Stoneham 4,
Stoneham Town Precinct 5,Stoneham 5,
Stoneham Town Precinct 6,Stoneham 6,
Stoneham Town Precinct 7,Stoneham 7,
Stoughton Town Precinct 1,Stoughton 1,
Stoughton Town Precinct 2,Stoughton 2,
Stoughton Town Precinct 3,Stoughton 3,
Stoughton Town Precinct 4,Stoughton 4,
Stoughton Town Precinct 5,Stoughton 5,
Stoughton Town Precinct 6,Stoughton 6,
Stoughton Town Precinct 7,Stoughton 7,
Stoughton Town Precinct 8,Stoughton 8,
Stow Town Precinct 1,Stow 1,
Stow Town Precinct 2,Stow 2,
Sturbridge Town Precinct 1,Sturbridge 1,
Sturbridge Town Precinct 2,Sturbridge 2,
Sturbridge Town Precinct 3,Sturbridge 3,
Sudbury Town Precinct 1,Sudbury 1,Sudbury 1A
Sudbury Town Precinct 2,Sudbury 2,
Sudbury Town Precinct 3,Sudbury 3,
Sudbury Town Precinct 4,Sudbury 4,
Sudbury Town Precinct 5,Sudbury 5,
Sunderland Town Precinct 1,Sunderland 1,
Sutton Town Precinct 1,Sutton 1,
Sutton Town Precinct 2,Sutton 2,
Sutton Town Precinct 3,Sutton 3,
Swampscott Town Precinct 1,Swampscott 1,
Swampscott Town Precinct 2,Swampscott 2,
Swampscott Town Precinct 3,Swampscott 3,
Swampscott Town Precinct 4,Swampscott 4,
Swampscott Town Precinct 5,Swampscott 5,
Swampscott Town Precinct 6,Swampscott 6,
Swansea Town Precinct 1,Swansea 1,
Swansea Town Precinct 2,Swansea 2,
Swansea Town Precinct 3,Swansea 3,
Swansea Town Precinct 4,Swansea 4,
Swansea Town Precinct 5,Swansea 5,
Taunton City Ward 1 Precinct A,Taunton 1-A,
Taunton City Ward 1 Precinct B,Taunton 1-B,
Taunton City Ward 2 Precinct A,Taunton 2-A,
Taunton City Ward 2 Precinct B,Taunton 2-B,
Taunton City Ward 3 Precinct A,Taunton 3-A,
Taunton City Ward 3 Precinct B,Taunton 3-B,
Taunton City Ward 4 Precinct A,Taunton 4-A,
Taunton City Ward 4 Precinct B,Taunton 4-B,
Taunton City Ward 5 Precinct A,Taunton 5-A,
Taunton City Ward 5 Precinct B,Taunton 5-B,
Taunton City Ward 6 Precinct A,Taunton 6-A,
Taunton City Ward 6 Precinct B,Taunton 6-B,
Taunton City Ward 7 Precinct A,Taunton 7-A,
Taunton City Ward 7 Precinct B,Taunton 7-B,
Taunton City Ward 8 Precinct A,Taunton 8-A,
Taunton City Ward 8 Precinct B,Taunton 8-B,
Templeton Town Precinct A,Templeton A,
Templeton Town Precinct B,Templeton B,
Templeton Town Precinct C,Templeton C,
Tewksbury Town Precinct 1,Tewksbury 1,
Tewksbury Town Precinct 1A,Tewksbury 1A,
Tewksbury Town Precinct 2,Tewksbury 2,
Tewksbury Town Precinct 2A,Tewksbury 2A,
Tewksbury Town Precinct 3,Tewksbury 3,
Tewksbury Town Precinct 3A,Tewksbury 3A,
Tewksbury Town Precinct 4,Tewksbury 4,
Tewksbury Town Precinct 4A,Tewksbury 4A,
Tisbury Town Precinct 1,Tisbury 1,
Tolland Town Precinct 1,Tolland 1,
Topsfield Town Precinct 1,Topsfield 1,
Townsend Town Precinct 1,Townsend 1,
Townsend Town Precinct 2,Townsend 2,
Townsend Town Precinct 3,Townsend 3,
Truro Town Precinct 1,Truro 1,
Tyngsborough Town Precinct 1,Tyngsborough 1,
Tyngsborough Town Precinct 2,Tyngsborough 2,
Tyngsborough Town Precinct 3,Tyngsborough 3,
Tyngsborough Town Precinct 4,Tyngsborough 4,
Tyringham Town Precinct 1,Tyringham 1,
Upton Town Precinct 1,Upton 1,
Upton Town Precinct 2,Upton 2,
Uxbridge Town Precinct 1,Uxbridge 1,
Uxbridge Town Precinct 2,Uxbridge 2,
Uxbridge Town Precinct 3,Uxbridge 3,
Uxbridge Town Precinct 4,Uxbridge 4,
Wakefield Town Precinct 1,Wakefield 1,
Wakefield Town Precinct 2,Wakefield 2,
Wakefield Town Precinct 3,Wakefield 3,
Wakefield Town Precinct 4,Wakefield 4,
Wakefield Town Precinct 5,Wakefield 5,
Wakefield Town Precinct 6,Wakefield 6,
Wakefield Town Precinct 7,Wakefield 7,
Wales Town Precinct 1,Wales 1,
Walpole Town Precinct 1,Walpole 1,
Walpole Town Precinct 2,Walpole 2,
Walpole Town Precinct 3,Walpole 3,
Walpole Town Precinct 4,Walpole 4,
Walpole Town Precinct 5,Walpole 5,
Walpole Town Precinct 6,Walpole 6,
Walpole Town Precinct 7,Walpole 7,
Walpole Town Precinct 8,Walpole 8,
Waltham City Ward 1 Precinct 1,Waltham 1-1,
Waltham City Ward 1 Precinct 2,Waltham 1-2,
Waltham City Ward 2 Precinct 1,Waltham 2-1,
Waltham City Ward 2 Precinct 2,Waltham 2-2,
Waltham City Ward 3 Precinct 1,Waltham 3-1,
Waltham City Ward 3 Precinct 2,Waltham 3-2,
Waltham City Ward 4 Precinct 1,Waltham 4-1,
Waltham City Ward 4 Precinct 2,Waltham 4-2,
Waltham City Ward 5 Precinct 1,Waltham 5-1,
Waltham City Ward 5 Precinct 2,Waltham 5-2,
Waltham City Ward 6 Precinct 1,Waltham 6-1,
Waltham City Ward 6 Precinct 2,Waltham 6-2,
Waltham City Ward 7 Precinct 1,Waltham 7-1,
Waltham City Ward 7 Precinct 2,Waltham 7-2,
Waltham City Ward 8 Precinct 1,Waltham 8-1,
Waltham City Ward 8 Precinct 2,Waltham 8-2,
Waltham City Ward 9 Precinct 1,Waltham 9-1,
Waltham City Ward 9 Precinct 2,Waltham 9-2,
Ware Town Precinct A,Ware A,
Ware Town Precinct B,Ware B,
Ware Town Precinct C,Ware C,
Wareham Town Precinct 1,Wareham 1,
Wareham Town Precinct 2,Wareham 2,
Wareham Town Precinct 3,Wareham 3,
Wareham Town Precinct 4,Wareham 4,
Wareham Town Precinct 5,Wareham 5,
Wareham Town Precinct 6,Wareham 6,
Warren Town Precinct A,Warren A,
Warwick Town Precinct 1,Warwick 1,
Washington Town Precinct 1,Washington 1,
Watertown Town Precinct 1,Watertown 1,
Watertown Town Precinct 10,Watertown 10,
Watertown Town Precinct 11,Watertown 11,
Watertown Town Precinct 12,Watertown 12,
Watertown Town Precinct 2,Watertown 2,
Watertown Town Precinct 3,Watertown 3,
Watertown Town Precinct 4,Watertown 4,
Watertown Town Precinct 5,Watertown 5,
Watertown Town Precinct 6,Watertown 6,
Watertown Town Precinct 7,Watertown 7,
Watertown Town Precinct 8,Watertown 8,
Watertown Town Precinct 9,Watertown 9,
Wayland Town Precinct 1,Wayland 1,
Wayland Town Precinct 2,Wayland 2,
Wayland Town Precinct 3,Wayland 3,
Wayland Town Precinct 4,Wayland 4,
Webster Town Precinct 1,Webster 1,
Webster Town Precinct 2,Webster 2,
Webster Town Precinct 3,Webster 3,
Webster Town Precinct 4,Webster 4,
Webster Town Precinct 5,Webster 5,
Wellesley Town Precinct A,Wellesley A,
Wellesley Town Precinct B,Wellesley B,
Wellesley Town Precinct C,Wellesley C,
Wellesley Town Precinct D,Wellesley D,
Wellesley Town Precinct E,Wellesley E,
Wellesley Town Precinct F,Wellesley F,
Wellesley Town Precinct G,Wellesley G,
Wellesley Town Precinct H,Wellesley H,
Wellfleet Town Precinct 1,Wellfleet 1,
Wendell Town Precinct 1,Wendell 1,
Wenham Town Precinct 1,Wenham 1,
West Boylston Town Precinct 1,W. Boylston 1,
West Boylston Town Precinct 2,W. Boylston 2,
West Bridgewater Town Precinct 1,W. Bridgewater 1,
West Bridgewater Town Precinct 2,W. Bridgewater 2,
West Brookfield Town Precinct 1,W. Brookfield 1,
West Newbury Town Precinct 1,W. Newbury 1,
West Springfield Town Precinct 1,W. Springfield 1,
West Springfield Town Precinct 2,W. Springfield 2,
West Springfield Town Precinct 3,W. Springfield 3,
West Springfield Town Precinct 4,W. Springfield 4,
West Springfield Town Precinct 5,W. Springfield 5,
West Springfield Town Precinct 6,W. Springfield 6,
West Springfield Town Precinct 7,W. Springfield 7,
West Springfield Town Precinct 8,W. Springfield 8,
West Stockbridge Town Precinct 1,W. Stockbridge 1,
West Tisbury Town Precinct 1,W. Tisbury 1,
Westborough Town Precinct 1,Westborough 1,
Westborough Town Precinct 2,Westborough 2,
Westborough Town Precinct 3,Westborough 3,
Westborough Town Precinct 4,Westborough 4,
Westborough Town Precinct 5,Westborough 5,
Westfield City Ward 1 Precinct A,Westfield 1-A,
Westfield City Ward 1 Precinct B,Westfield 1-B,
Westfield City Ward 2 Precinct A,Westfield 2-A,
Westfield City Ward 2 Precinct B,Westfield 2-B,
Westfield City Ward 3 Precinct A,Westfield 3-A,
Westfield City Ward 3 Precinct B,Westfield 3-B,
Westfield City Ward 4 Precinct A,Westfield 4-A,
Westfield City Ward 4 Precinct B,Westfield 4-B,
Westfield City Ward 5 Precinct A,Westfield 5-A,
Westfield City Ward 5 Precinct B,Westfield 5-B,
Westfield City Ward 6 Precinct A,Westfield 6-A,
Westfield City Ward 6 Precinct B,Westfield 6-B,
Westford Town Precinct 1,Westford 1,
Westford Town Precinct 2,Westford 2,
Westford Town Precinct 3,Westford 3,
Westford Town Precinct 4,Westford 4,
Westford Town Precinct 5,Westford 5,
Westford Town Precinct 6,Westford 6,
Westhampton Town Precinct 1,Westhampton 1,
Westminster Town Precinct 1,Westminster 1,
Westminster Town Precinct 2,Westminster 2,
Weston Town Precinct 1,Weston 1,
Weston Town Precinct 2,Weston 2,
Weston Town Precinct 3,Weston 3,
Weston Town Precinct 4,Weston 4,
Westport Town Precinct A,Westport A,
Westport Town Precinct B,Westport B,
Westport Town Precinct C,Westport C,
Westport Town Precinct D,Westport D,
Westport Town Precinct E,Westport E,
Westwood Town Precinct 1,Westwood 1,
Westwood Town Precinct 2,Westwood 2,
Westwood Town Precinct 3,Westwood 3,
Westwood Town Precinct 4,Westwood 4,
Weymouth Town Precinct 1,Weymouth 1,
Weymouth Town Precinct 10,Weymouth 10,
Weymouth Town Precinct 11,Weymouth 11,
Weymouth Town Precinct 12,Weymouth 12,
Weymouth Town Precinct 13,Weymouth 13,
Weymouth Town Precinct 14,Weymouth 14,
Weymouth Town Precinct 15,Weymouth 15,
Weymouth Town Precinct 16,Weymouth 16,
Weymouth Town Precinct 17,Weymouth 17,
Weymouth Town Precinct 18,Weymouth 18,
Weymouth Town Precinct 2,Weymouth 2,
Weymouth Town Precinct 3,Weymouth 3,
Weymouth Town Precinct 4,Weymouth 4,
Weymouth Town Precinct 5,Weymouth 5,
Weymouth Town Precinct 6,Weymouth 6,
Weymouth Town Precinct 7,Weymouth 7,
Weymouth Town Precinct 8,Weymouth 8,
Weymouth Town Precinct 9,Weymouth 9,
Whately Town Precinct 1,Whately 1,
Whitman Town Precinct 1,Whitman 1,
Whitman Town Precinct 2,Whitman 2,
Whitman Town Precinct 3,Whitman 3,
Whitman Town Precinct 4,Whitman 4,
Wilbraham Town Precinct A,Wilbraham A,
Wilbraham Town Precinct B,Wilbraham B,
Wilbraham Town Precinct C,Wilbraham C,
Wilbraham Town Precinct D,Wilbraham D,
Williamsburg Town Precinct 1,Williamsburg 1,
Williamstown Town Precinct 1,Williamstown 1,
Williamstown Town Precinct 2,Williamstown 2,
Williamstown Town Precinct 3,Williamstown 3,
Wilmington Town Precinct 1,Wilmington 1,
Wilmington Town Precinct 2,Wilmington 2,
Wilmington Town Precinct 3,Wilmington 3,
Wilmington Town Precinct 4,Wilmington 4,
Wilmington Town Precinct 5,Wilmington 5,
Wilmington Town Precinct 6,Wilmington 6,
Winchendon Town Precinct 1,Winchendon 1,Winchendon 1A
Winchendon Town Precinct 2,Winchendon 2,
Winchendon Town Precinct 3,Winchendon 3,
Winchester Town Precinct 1,Winchester 1,
Winchester Town Precinct 2,Winchester 2,
Winchester Town Precinct 3,Winchester 3,
Winchester Town Precinct 4,Winchester 4,
Winchester Town Precinct 5,Winchester 5,
Winchester Town Precinct 6,Winchester 6,
Winchester Town Precinct 7,Winchester 7,
Winchester Town Precinct 8,Winchester 8,
Windsor Town Precinct 1,Windsor 1,
Winthrop Town Precinct 1,Winthrop 1,
Winthrop Town Precinct 2,Winthrop 2,
Winthrop Town Precinct 3,Winthrop 3,
Winthrop Town Precinct 4,Winthrop 4,
Winthrop Town Precinct 5,Winthrop 5,
Winthrop Town Precinct 6,Winthrop 6,
Woburn City Ward 1 Precinct 1,Woburn 1-1,
Woburn City Ward 1 Precinct 2,Woburn 1-2,
Woburn City Ward 2 Precinct 1,Woburn 2-1,
Woburn City Ward 2 Precinct 2,Woburn 2-2,
Woburn City Ward 3 Precinct 1,Woburn 3-1,
Woburn City Ward 3 Precinct 2,Woburn 3-2,
Woburn City Ward 4 Precinct 1,Woburn 4-1,
Woburn City Ward 4 Precinct 2,Woburn 4-2,
Woburn City Ward 5 Precinct 1,Woburn 5-1,
Woburn City Ward 5 Precinct 2,Woburn 5-2,
Woburn City Ward 6 Precinct 1,Woburn 6-1,
Woburn City Ward 6 Precinct 2,Woburn 6-2,
Woburn City Ward 7 Precinct 1,Woburn 7-1,
Woburn City Ward 7 Precinct 2,Woburn 7-2,
Worcester City Ward 1 Precinct 1,Worcester 1-1,
Worcester City Ward 1 Precinct 2,Worcester 1-2,
Worcester City Ward 1 Precinct 3,Worcester 1-3,
Worcester City Ward 1 Precinct 4,Worcester 1-4,
Worcester City Ward 1 Precinct 5,Worcester 1-5,
Worcester City Ward 10 Precinct 1,Worcester 10-1,
Worcester City Ward 10 Precinct 2,Worcester 10-2,
Worcester City Ward 10 Precinct 3,Worcester 10-3,
Worcester City Ward 10 Precinct 4,Worcester 10-4,
Worcester City Ward 10 Precinct 5,Worcester 10-5,
Worcester City Ward 2 Precinct 1,Worcester 2-1,
Worcester City Ward 2 Precinct 2,Worcester 2-2,
Worcester City Ward 2 Precinct 3,Worcester 2-3,
Worcester City Ward 2 Precinct 4,Worcester 2-4,
Worcester City Ward 2 Precinct 5,Worcester 2-5,
Worcester City Ward 3 Precinct 1,Worcester 3-1,
Worcester City Ward 3 Precinct 2,Worcester 3-2,
Worcester City Ward 3 Precinct 3,Worcester 3-3,
Worcester City Ward 3 Precinct 4,Worcester 3-4,
Worcester City Ward 3 Precinct 5,Worcester 3-5,
Worcester City Ward 4 Precinct 1,Worcester 4-1,
Worcester City Ward 4 Precinct 2,Worcester 4-2,
Worcester City Ward 4 Precinct 3,Worcester 4-3,
Worcester City Ward 4 Precinct 4,Worcester 4-4,
Worcester City Ward 4 Precinct 5,Worcester 4-5,
Worcester City Ward 5 Precinct 1,Worcester 5-1,
Worcester City Ward 5 Precinct 2,Worcester 5-2,
Worcester City Ward 5 Precinct 3,Worcester 5-3,
Worcester City Ward 5 Precinct 4,Worcester 5-4,
Worcester City Ward 5 Precinct 5,Worcester 5-5,
Worcester City Ward 6 Precinct 1,Worcester 6-1,
Worcester City Ward 6 Precinct 2,Worcester 6-2,
Worcester City Ward 6 Precinct 3,Worcester 6-3,
Worcester City Ward 6 Precinct 4,Worcester 6-4,
Worcester City Ward 6 Precinct 5,Worcester 6-5,
Worcester City Ward 7 Precinct 1,Worcester 7-1,
Worcester City Ward 7 Precinct 2,Worcester 7-2,
Worcester City Ward 7 Precinct 3,Worcester 7-3,
Worcester City Ward 7 Precinct 4,Worcester 7-4,
Worcester City Ward 7 Precinct 5,Worcester 7-5,
Worcester City Ward 8 Precinct 1,Worcester 8-1,
Worcester City Ward 8 Precinct 2,Worcester 8-2,
Worcester City Ward 8 Precinct 3,Worcester 8-3,
Worcester City Ward 8 Precinct 4,Worcester 8-4,
Worcester City Ward 8 Precinct 5,Worcester 8-5,
Worcester City Ward 9 Precinct 1,Worcester 9-1,
Worcester City Ward 9 Precinct 2,Worcester 9-2,
Worcester City Ward 9 Precinct 3,Worcester 9-3,
Worcester City Ward 9 Precinct 4,Worcester 9-4,
Worcester City Ward 9 Precinct 5,Worcester 9-5,
Worthington Town Precinct 1,Worthington 1,
Wrentham Town Precinct 1,Wrentham 1,
Wrentham Town Precinct 2,Wrentham 2,
Wrentham Town Precinct 3,Wrentham 3,
Yarmouth Town Precinct 1,Yarmouth 1,
Yarmouth Town Precinct 2,Yarmouth 2,
Yarmouth Town Precinct 3,Yarmouth 3,
Yarmouth Town Precinct 4,Yarmouth 4,
Yarmouth Town Precinct 5,Yarmouth 5,
Yarmouth Town Precinct 6,Yarmouth 6,
Yarmouth Town Precinct 7,Yarmouth 7,
